Song ID,Original artist,Approved artist,Original title,Approved title,Decision
1da3e1d549107def6d4f8e6abf3bc35528c2d1a236a61896ef55b3ccd0266fd7,AC|DC,AC DC,rock n roll singer,Rock N Roll Singer,Keep
aa25816fbb7dc3d81945b154b98d6fa0d151b95441ffe1857a58ce2112f815f5,AC|DC,AC DC,rock the blues away,Rock The Blues Away,Keep
22572e6825c207c15734c1c7ee94065499b437629bc9d1fff8364c35e98d1368,AC|DC,AC DC,shot in the dark,Shot In The Dark,Keep
e61cc2910349771868e7cfa5beffc5e3d77217a4d6429ee69485aa9359c0a034,AC|DC,AC DC,through the mists of time,Through The Mists Of Time,Keep
e67c5444278c4a1aa2e809e9d77f964fc0134f76202c429858fc8d7fb2573502,Alanis Morissette,Alanis Morissette,you oughta know,You Oughta Know,Keep
6cb6ec27fcb0b78bf5aaf3e15fbe3e6b308eae700d4c85a7b209199fc1883b74,Arctic Monkeys,Arctic Monkeys,dont forget whose legs youre on,Dont Forget Whose Legs Youre On,Keep
badaf92b95ff8a25294b3822237bfbcc027e8551442052675b192329bbea9122,Arctic Monkeys,Arctic Monkeys,library pictures,Library Pictures,Keep
da28bbd5f964cf9481b7b03107315ba2c8525e72df53806ac22394787bda9846,Arctic Monkeys,Arctic Monkeys,star treatment,Star Treatment,Keep
f17f0e7c1c44e0335a8366fe9d66cde68be3be72995d93f04e8f8df35fff3436,Arctic Monkeys,Arctic Monkeys,the ultracheese,The Ultracheese,Keep
1f6a469236656d0e776689d83563b33e8c0463567fdefada12d270f4c3fd7a05,Arctic Monkeys,Arctic Monkeys,the worlds first ever monster truck front flip,The Worlds First Ever Monster Truck Front Flip,Keep
f598cf44fa95aced82143220e05840fc1d2f3739eba659c4aa7c6f48d3a7b91b,Arctic Monkeys,Arctic Monkeys,too much to ask,Too Much To Ask,Keep
4538b50950e41548a17e31968f9f343b972229fa5811014fce3bca8820a2cfa7,Ariana Grande,Ariana Grande,dangerous woman,Dangerous Woman,Keep
70d1c09cc71d1c184d43f1261e2befafaf8ccaf0754b6124d5ffade73b8b89a3,Ariana Grande,Ariana Grande,demi lovato met him last night,Demi Lovato Met Him Last Night,Keep
29eda4f4d694b30944def7c0345c4f59c269a71a8fdfe330102211246d65a69f,Ariana Grande,Ariana Grande,everytime,Everytime,Keep
ac420594cf3873fa080f3e45391c914b6f4506393d36291ae35fa6c53671a4b9,Ariana Grande,Ariana Grande,no tears left to cry,No Tears Left To Cry,Keep
2c194e54912337b2b4cf1e06861d8d8d22870609205820799349af90d9eabebf,Ariana Grande,Ariana Grande,obvious,Obvious,Keep
1fb62f578c9fc7bcb5ce3c52e1c21ead63545ed0b038dd22fb601adb54d25e1f,Ariana Grande,Ariana Grande,positions,Positions,Keep
c37564ebd962c4ad3afc12133d50551bff5e6a4211144a355391e06a10e65929,Audioslave,Audioslave,be yourself,Be Yourself,Keep
c3a26b04625bda0a04173973653ffe2097ea734c499926ff205e189164d886dc,Avril Lavigne,Avril Lavigne,when youre gone,When Youre Gone,Keep
6cdd7a67039d4ee7eb5fcddca7dbbf318e2726a993e4217c24ed001214078540,Backstreet Boys,Backstreet Boys,everybody,Everybody,Keep
278a3508b0001179683387d217f2f8b8cde8f4ca6514a7b4b65dc04b97e08852,Bad Company,Bad Company,feel like makin love,Feel Like Makin Love,Keep
39d7b090c2e2f7b32dc6c0ff05dbed532474fb0486d9f4f31c3ad3b345ba5054,Barenaked Ladies,Barenaked Ladies,if i had a million dollars,If I Had A Million Dollars,Keep
d81d357664f531503ba232d0bb05b134ee2f75d2ad62909d7faff77d8dd4115a,Barenaked Ladies,Barenaked Ladies,the old apartment,The Old Apartment,Keep
3a94fa9084227b8015c3ef2e943c5eb9c3877aa80867939d92888e8789d19131,Bill Withers,Bill Withers,grandmas hands,Grandmas Hands,Keep
35d6385e2bfbaadf07969258d632852be5daa5d1608c9eb0406708b5ed12e941,Billy Idol,Billy Idol,mony mony,Mony Mony,Keep
d46f221915613be3b7c39ca5a76f6518dd7eee7da8197e06f2e7cb5f73416827,Billy Squier,Billy Squier,lonely is the night,Lonely Is The Night,Keep
87f6345db96cc943c40af2c5ff3f95afd0ff0bea16ca8b0ebc4824d831553e0c,Bob Dylan,Bob Dylan,just like a woman,Just Like A Woman,Keep
ee36937619d0b9c0f5795642160d45a6159e712cb17ee8f17d826378d5a8d4aa,Bob Dylan,Bob Dylan,subterranean homesick blues,Subterranean Homesick Blues,Keep
ee164afa285178d396857a03a17da0d0e3bc331aeeafc52cbde2e772ecbb199a,Bob Marley,Bob Marley,i shot the sheriff,I Shot The Sheriff,Keep
07dc6e5fa8c0aa36b2eab68eb42d14b3ca260c11d5db9cd99620cffaf872533b,Bob Marley,Bob Marley,natural mystic,Natural Mystic,Keep
728e0e69623c9a2ce39ab9f5f1299d8c834c86b47c7e806fb4952b91235d001d,Bob Marley,Bob Marley,stir it up,Stir It Up,Keep
102d38668bf4756984bd7d84afd07208930748c2d9b47953545ad5a1dd8d482e,Bob Marley,Bob Marley,waiting in vain,Waiting In Vain,Keep
3a6109e784834b02f1709f304d8e0f902c934b2b03c22b1eaa37f1392341b518,Bon Jovi,Bon Jovi,keep the faith,Keep The Faith,Keep
76c93961a5f4ea24e9eb737469bdd11763fe965cf167fff6a1a93b0983879a0c,Bruce Springsteen,Bruce Springsteen,over the rise,Over The Rise,Keep
5a8b0d14ad0aaa888719c0a37a2f227b7135db6c6f69a64d1db04efa4c822222,Bryan Adams,Bryan Adams,have you ever really loved a woman,Have You Ever Really Loved A Woman,Keep
96b683b0d94e50b6ce84350dabd2d605efac00fc67f847d59d3bff935a3217ba,Bryan Adams,Bryan Adams,please forgive me,Please Forgive Me,Keep
754bfe356c0e0140c669504a04013835b4d33e5199688c879690bf5590a572dd,Buck Owens,Buck Owens,act naturally,Act Naturally,Keep
b5a2c0a0c5d5a944656016157aae85a0b0d604f11bb8b0591dd92a6db66029b8,Buddy Guy,Buddy Guy,damn right ive got the blues,Damn Right Ive Got The Blues,Keep
da754e244ba4a0c2f48edb706bc71e972ae31584d71d294cb2830ffc95b14a81,Butthole Surfers,Butthole Surfers,who was in my room last night,Who Was In My Room Last Night,Keep
d04b4a390da189b5151608bce58b084669936cca3d6c34c7268a1f5feb460fc0,Cage The Elephant,Cage The Elephant,flow,Flow,Keep
f0c4f35f78f23e8f38a024f06f9f391407ec374ba597555a217c76154a0c2471,Cage The Elephant,Cage The Elephant,right before my eyes,Right Before My Eyes,Keep
ceab83c1e6272f7c083deecef792404e4a51c081b5ddd4ea13bec9ef370e5de5,Cage The Elephant,Cage The Elephant,take it or leave it,Take It Or Leave It,Keep
4d512c2bc44827cd07b20f05eae29c98312cf47fffa180e30cbf25e0313ddcf9,Cake,Cake,frank sinatra,Frank Sinatra,Keep
efd0478726e7a91c5551f0c6c2d763bc7d3b6417b63dcc334abe324f20f7a7f3,Champs,Champs,blue moon baby,Blue Moon Baby,Keep
9e538862943785a05a33de651e51860c0948729387014b2c0853d22ec86bfd04,Champs,Champs,chicken,Chicken,Keep
50adf125f7c7c4f4a341917b89c092351026f004a53496e79f3ee671de1d91a6,Champs,Champs,domino,Domino,Keep
9a5aa7a729108726c61496784fa4bfc387c5a8f8465aa46810730465edf1a7f9,Champs,Champs,drug train,Drug Train,Keep
b28f39728ba30a8b335403903261e66b244c6ec36ad9346d346d06e9df9b4916,Champs,Champs,greenfuz,Greenfuz,Keep
ca8b1b209cba326fa524f4ea61cd2806d059b1cf0ed71dbd6f96703e33ba1df0,Champs,Champs,human fly,Human Fly,Keep
0865dbf1c2a65128604822a4a144102aed3b79bd5b2a4a26ff87212a4148e64a,Champs,Champs,the way i walk,The Way I Walk,Keep
b6203a36a060f7827caf7399f6b7dbed09e4dc923dff7f04e70a7b41ac6c9493,Champs,Champs,whats behind the mask,Whats Behind The Mask,Keep
c2e767021a5e7a5549a43d486bf45ea759998954cc55a5c1d25f925e1fa3d1c4,Champs,Champs,zombie dance,Zombie Dance,Keep
6f21424845152235bfc81d21d9474e5db646fe9e4ecd7a8f80d959fdc10ca7ae,Cheap Trick,Cheap Trick,oh caroline,Oh Caroline,Keep
e9ec1a5132ab5f9fe885b0edac6a068cedef26ddae3ebbae0c80ba64913b342b,Chic,Chic,le freak,Le Freak,Keep
f3c6ce9b175b39a5a7209965644664a1d74c6f0dfbc7da21bc03d0cc146963b7,Chris Isaak,Chris Isaak,baby did a bad bad thing,Baby Did A Bad Bad Thing,Keep
18927e05ee3217dd50541ff2ef3f135df23aa4e131e462b2f5b04442d48ee464,Chris Isaak,Chris Isaak,wicked game,Wicked Game,Keep
f62d8d41c33551bba5986d934ecedb265516126b1a981cefa404b19c611bcc71,Chris Stapleton,Chris Stapleton,devil always made me think twice,Devil Always Made Me Think Twice,Keep
b18bccd7a868fc7063b4c62fd10184e3aa1a51e3ea7779dcda6e2776730dde4b,Chris Stapleton,Chris Stapleton,more of you,More Of You,Keep
c2fc0b163f87e5ad1f19000d54c9849d54bf1ad2a0edf35f4c8367e5a9df845f,Chris Stapleton,Chris Stapleton,what are you listening to,What Are You Listening To,Keep
0cb2fa8406653402b39cee04c725913800dfef127f1712a649a25c5ae3892ea7,Christy Moore,Christy Moore,ride on,Ride On,Keep
b2d9ad0992178e4dc332977b962bf0e26d9ef259fe2c738705c4b72c1132d0ba,Chuck Berry,Chuck Berry,memphis tennessee,Memphis Tennessee,Keep
66c7f868c2c5c600e9e4d4a6f92688f99974a0317fb969a273b970f642e7665d,Coldplay,Coldplay,a sky full of stars,A Sky Full Of Stars,Keep
149b8d372504760a7cfd20ddbe56ccfe5d35632d2bd2f9da564e41443c638dfd,Coldplay,Coldplay,cry cry cry,Cry Cry Cry,Keep
a03bf349d16ccaddbc22bae816b1e348e43b2daba7c10fa75e1a66722c3506e7,Coldplay,Coldplay,paradise,Paradise,Keep
ef273ca30d74277dd9b309aa5bbe0eada6fa28248134d63a5c4317b5cb3343a1,Coldplay,Coldplay,the scientist,The Scientist,Keep
2bff17bff154457619348ca33cebb393ac20114d764af6736bdd1399df05af54,Creedance Clearwater Revival,Creedance Clearwater Revival,i heard it through the grapevine,I Heard It Through The Grapevine,Keep
c1b2ac33c5ca9a6f0f6e189b35882dc6c66a49539520db838d838966dc70fdbe,Crosby Stills Nash Young,"Crosby, Stills, Nash & Young",woodstock,Woodstock,Keep
48a4e39e2023f6ddf7e2695e1cb193db1ab683e7cb20077024af252fb8d98472,Crowded House,Crowded House,weather with you,Weather With You,Keep
61b5ccfe393786cdc30c34895425fdea49165c11edc2138c8a31ea12e9b93a32,Deep Purple,Deep Purple,lazy,Lazy,Keep
1f7681ff00a4935ae4117da9767f28451dc07f72ab4f1cb114cd76786963e36a,Def Leppard,Def Leppard,rock of ages,Rock Of Ages,Keep
3cc243c8e6c9a0920fe4ec63ad96d4ce9b98731f95c2f8a95d187ec058dfccd6,Depeche Mode,Depeche Mode,never let me down again,Never Let Me Down Again,Keep
6cd93106b9b2957644dcd60c5878ee2eff35f3047ee66bef45861927116b4119,Depeche Mode,Depeche Mode,policy of truth,Policy Of Truth,Keep
aa171d8448cc8b3b1b8e8c9574f552f34eaa2c57b0348b34526241bf157782c7,Diana Ross,Diana Ross,im coming out,Im Coming Out,Keep
b507e89561babbbdca2a68f68eba3b481e8d5f950ca12bb37c9080c89f0dd17f,Dolly Parton,Dolly Parton,jolene,Jolene,Keep
4b5fed96c58053fe34d99a97835b855a21d8cee146446f7264cd1daf0166606f,Dolly Parton,Dolly Parton,kenny rogers islands in the stream,Kenny Rogers Islands In The Stream,Keep
27938e8a4e346ec6a5905e9ac18654b0f72cbe9ab685c6cd6814c1aac663d15d,Earth Wind Fire,"Earth, Wind & Fire",boogie wonderland,Boogie Wonderland,Keep
a3a7db6998a3e9a4f474457e3a27c7b12d4be194da09e1c141c66b16670de8c9,Eddie Money,Eddie Money,shakin,Shakin,Keep
9ed1496645a6d4f37dec170ac9537a44afd2651a85e7f314e7b7fe1628790c7c,Eddie Money,Eddie Money,two tickets to paradise,Two Tickets To Paradise,Keep
622be5ee1a204359294e379ff84c53e5daa751b52e31369454c0cc5f1f151729,Elton John,Elton John,dont go breaking my heart,Dont Go Breaking My Heart,Keep
4c27d9b0f85860669a36c7aa5acf38f745fc9529e7322d06c220153edf7996a7,Elvis Presley,Elvis Presley,all shook up,All Shook Up,Keep
f70bd7fe87a195071a7ee9c93e5be24650c84d0882dfa886e0845cdf2debccc9,Elvis Presley,Elvis Presley,burning love,Burning Love,Keep
bb792e282acadb5b9cc6133fd6fea3b445a9f7c2421edd46bb2421bf1da99e19,Elvis Presley,Elvis Presley,dont be cruel,Dont Be Cruel,Keep
319f00fbd3f02ed329d25b7be8a99ee1908b0630d3856e0b5786212689f8bd20,Elvis Presley,Elvis Presley,let me be your teddy bear,Let Me Be Your Teddy Bear,Keep
d12b5b7427552557b6f210183ebc7f0c5f6cea7c9ccc1ab1222d38ea356d40e9,Eminem,Eminem,farewell,Farewell,Keep
3026eb9dc0c4d4cdaaa5d494d8519962fb11e9ccf9e143118c85542fdb4b7100,Eric Clapton,Eric Clapton,alberta,Alberta,Keep
2eb8c91e6d2969bb64b2831ec380ece6fb8052261711e5c6355203e3bab9c44b,Eric Clapton,Eric Clapton,bad love,Bad Love,Keep
5153b8bd59dfbbbd8711fb0f3980bfef9bd7eee46f8801cb9941e97844064dd8,Eric Clapton,Eric Clapton,cocaine,Cocaine,Keep
b7f772aa015d3426763d5e9f9d1a0d9129966088ecfd5e4feabf4809a49e1d22,Eric Clapton,Eric Clapton,howlin wolf killing floor,Howlin Wolf Killing Floor,Keep
1db0b7c2d6d2f9b6035726e17aa685423558868d3d586e62237be48e19ec413b,Eric Clapton,Eric Clapton,tulsa time,Tulsa Time,Keep
7ad2a94df3ed634e1dd5344f73f76e6336f5b27aca441eec47f2196194de07d0,Fitz And The Tantrum,Fitz And The Tantrum,out of my league,Out Of My League,Keep
76d0eb17ad662980b8c34daf28cae5b1bd97948e7c477d772097af3ff1368e97,Fleetwood Mac,Fleetwood Mac,black magic woman,Black Magic Woman,Keep
6eb4abe6fa6d80510b3d96e2d97006ff8d9527da7773f43efb9e27e7a9d4ff91,Fleetwood Mac,Fleetwood Mac,dont stop,Dont Stop,Keep
70e27edbc42e0ed6ce36946b319d58da1dbe178b4ddeb084cfa07b94c3522d81,Fleetwood Mac,Fleetwood Mac,i dont want to know,I Dont Want To Know,Keep
0425f5d6ecb9b9b03073c5a03eb2ba7eb31756fa30f1c24a7bddf344e575300c,Fleetwood Mac,Fleetwood Mac,im so afraid,Im So Afraid,Keep
9262421b9f9972c4fac87174c2fed1c7b7310a6b59f8c46bd3617625451459d1,Fleetwood Mac,Fleetwood Mac,little lies,Little Lies,Keep
358088fa3bf1f58c94adc35c4d7aa8872871f67ea260331d8d19abb0406e4630,Frank Sinatra,Frank Sinatra,something stupid,Something Stupid,Keep
8d8854775cf9ae24228a33a066d2ce50c551ad95deb846d24ed61a9dc6ec15fd,Frank Zappa,Frank Zappa,my guitar wants to kill your mama,My Guitar Wants To Kill Your Mama,Keep
fc4d8bdba3b5720d3aff5b4bbb73047988cc7445795c4f4fa3a075aa98defb36,Guns N'Roses,Guns N Roses,aint it fun,Aint It Fun,Keep
b0ade9d65bcb3d711bdf020a29e155824fcb52b4b684ceab13e39a7381c094c9,Guns N'Roses,Guns N Roses,shadow of your love,Shadow Of Your Love,Keep
82d685715075d58eb418d75ec8d14ce153e3b4b399a7c7c788f023398a105cf0,Guns N'Roses,Guns N Roses,youre crazy,Youre Crazy,Keep
40fb8ba570139fec679060615f2791e923984188680a83e1904e56859c6b38fd,Hall and Oates,Hall & Oates,i cant go for that no can do,I Cant Go For That No Can Do,Keep
805db2bd759799556af04bd1289bd6ca612bc1faa19b2b70ee87ac79e00d732f,Heart,Heart,magic man,Magic Man,Keep
ac4f5c45c2c25aadb7e187193a09e805b61a15251ef0136c04e951f17655d026,Hootie The Blowfish,Hootie & the Blowfish,only wanna be with you,Only Wanna Be With You,Keep
545ec7b7aec027cf72b09702b9d478fa2b75583df9b04711ebba951e06dfc527,Jason Mraz,Jason Mraz,making it up,Making It Up,Keep
056c7bf38746cf7ee0d5c3c2512b55cb7f2b9d85221af24dd57d90b1cfef69b7,Joan Jett & The Blackhearts,Joan Jett & The Blackhearts,real wild child,Real Wild Child,Keep
91a739f38368dd74faf7fad181bff88033685374d3432fc1dbc3f8a704eaa638,Joe Jackson,Joe Jackson,nineteen forever,Nineteen Forever,Keep
1ed24096395e32b246be1178872777581e7fcfa540be1dab8e01695d581b8701,John Lennon,John Lennon,oh my love,Oh My Love,Keep
40244a2ae420a85a0e54d074c8e4a51a3d101f42f5974be5644c980bda1b4c00,Johnny Cash,Johnny Cash,a boy named sue,A Boy Named Sue,Keep
fcaddd565ebcbee638f3ccbb1314ee907a66151691aa42cf58bfefdb952dc0b5,Johnny Cash,Johnny Cash,big iron,Big Iron,Keep
c2d0addfc7d80cfcd351a467418dd669bd805805dc3d35109b552962a6544100,Johnny Cash,Johnny Cash,cry cry cry,Cry Cry Cry,Keep
377ceaff63892317419d7d5539d2524529f41e66d025d5918b72600b9bec7be1,Johnny Cash,Johnny Cash,danny boy,Danny Boy,Keep
ce20d45f8cb9c1a8c24770857c0ab6ca9fac5bf4d8c0f2da54a7850f84de957a,Johnny Cash,Johnny Cash,dont take your guns to town,Dont Take Your Guns To Town,Keep
387790633cb8467aa65d5bab043dfe36b0c38b409122ff5d4baa3b116da8081a,Johnny Cash,Johnny Cash,the man comes around,The Man Comes Around,Keep
0d2da4b0ebe87d87445a951d000c5e909bc227895ece64590fdd03b5a2a7e48f,Journey,Journey,do you recall,Do You Recall,Keep
52eb71b7b3444264d87b84300b78f98db6eee7d936a283fae84ce33f841a16ab,Juice Newton,Juice Newton,queen of hearts,Queen Of Hearts,Keep
c20b8e542a1e9d1e697b7a4ff789d0288d79b06b18c8fea96abcdcdeff89719a,Katrina And The Waves,Katrina And The Waves,walking on sunshine,Walking On Sunshine,Keep
096e62935e9116a18042d13cdf834ded0206065102d0772b34941f7b08bbdfa1,Lady Gaga,Lady Gaga,enigma,Enigma,Keep
1af837d105bdf28dd50361388b2a7573b7f2fa9fbe3ac44870fab58a2c7c44e3,Lady Gaga,Lady Gaga,free woman,Free Woman,Keep
ce4cad6718d3906d119032b8ac9b5d4024af8b328f792a002de43d88b5d1fed3,Lady Gaga,Lady Gaga,just dance,Just Dance,Keep
dc3a4c05ad27c35f3c31e5d5e2a20dc2a8a56b2e4b99435b0b76cbf1351685cc,Lady Gaga,Lady Gaga,paparazzi,Paparazzi,Keep
a20de73e1830efeb8169e56280eef1b313663865f0c88509e3f8302cf28b183a,Lady Gaga,Lady Gaga,sine from above,Sine From Above,Keep
f6d25984afc010a11b26475f3fa2229825468523c80a576e59e07dbe9fa078ab,Lady Gaga,Lady Gaga,you and i,You And I,Keep
45af4e67832e48d8b1c3dce3efd0c530a425110925acaf3be4e6054b291e305b,Led Zeppelin,Led Zeppelin,how many more times,How Many More Times,Keep
ddd6d0638f343bc55079f5369e9cc0e4dee914d4037dfa737a3f0aafcf1e20ab,Led Zeppelin,Led Zeppelin,in my time of dying,In My Time Of Dying,Keep
99265f30f52d0e38f73deb42ee06a15d28f8e6df71a00f210dc472a76dc1ade0,Led Zeppelin,Led Zeppelin,out on the tiles,Out On The Tiles,Keep
0e8eecf3701e385ac32a2bc48a9548fab72196794688c482947940817cadc9ec,Led Zeppelin,Led Zeppelin,rock and roll,Rock And Roll,Keep
9cad9051b2752204a35c9ff8d31e3d1978c6cb56d1f6caa34c2546926f8b6f1f,Led Zeppelin,Led Zeppelin,the battle of evermore,The Battle Of Evermore,Keep
70c4e3883f67abe8c1f6e568ae62f9a7576215627c8cbb5adc1a846df9ec4a2b,Led Zeppelin,Led Zeppelin,the wanton song,The Wanton Song,Keep
ee4426028eed5330d408eb99ef85847e395df79dd689656fe1a5270c60fe0b51,Linda Ronstadt,Linda Ronstadt,youre no good,Youre No Good,Keep
1addd86b8f3186b8806de3d6528ee1b9379396af254e5e7f1e3fc8cd0c18aaaf,Linkin Park,Linkin Park,waiting for the end,Waiting For The End,Keep
ca51458a2edb42793590ace273261aaef606b614474760bd57f2e516876e2182,Madness,Madness,our house,Our House,Keep
2fdc51b99a10acc650c4c0c990048cd11b83747ebb51362124ea8987d8099c7e,Marianne Faithfull,Marianne Faithfull,this little bird,This Little Bird,Keep
33561403d314ca6926fbe7f774e2fa0e544c4ec27bd73573f6520edc3eacb3b8,Maroon 5,Maroon 5,lost,Lost,Keep
bd39ce71756385ad242dcd0ac5f0ac4d7ffddc37b57f88c568b4942c5bb64627,Maroon 5,Maroon 5,lovesick,Lovesick,Keep
bd8542c2cc9dca6f13add448866efa87af24f107b40b94210c67eec31b9aec14,Maroon 5,Maroon 5,makes me wonder,Makes Me Wonder,Keep
1d676832f1b867457b951d7d22bda6ffc30f837a0ab502167a519b25b0fe3637,Maroon 5,Maroon 5,remedy,Remedy,Keep
4aaeed4ef016343d3b4cc266ff50ed455b4693604715446ba8c86aa466255342,Maroon 5,Maroon 5,she will be loved,She Will Be Loved,Keep
b23ae18f935cfb216d4cfbba594d6f5a2f7e158ba73f5018fa017e6cecc2ae36,Marvin Gaye,Marvin Gaye,i heard it through the grapevine,I Heard It Through The Grapevine,Keep
59ff12afa1466672e1ee6953dc96ca187c784c6695c9c95c7bc05d7a7d22621a,Metallica,Metallica,low mans lyric,Low Mans Lyric,Keep
65375a4511221ef9c7529c0c7bfa3064d2cf97dd95e7e06a8918d66b317e999e,Metallica,Metallica,some kind of monster,Some Kind Of Monster,Keep
83188315efdd48ce2792a6ab9eeb329131d26db41ecbd235cee81d0f051be1ff,Michael Jackson,Michael Jackson,smooth criminal,Smooth Criminal,Keep
26ec1826bb99e8185e9ad18f6991bab242b58e37ff82c0e94eb48f0184a24a93,Mississippi John Hurt,Mississippi John Hurt,pay day,Pay Day,Keep
a43dc3317eebb41823a6cbeb7f1afed4446eec6f6ea283de8c5d6ea54c746bba,Mudhoney,Mudhoney,paranoid core,Paranoid Core,Keep
caef6019f116062f6d45a1412478ea87b98ab166c0d80fa0548787cc5e4e17eb,Neil Young,Neil Young,only love can break your heart,Only Love Can Break Your Heart,Keep
3bb7f8277bc11ea84bbbdb42959bf1365c5169ba9ab0c6180d144b48974bec99,New Order,New Order,age of consent,Age Of Consent,Keep
3e3b44cc4733917aa6afdc5b6655cedc952acfb3eccc0888025cb82a60a852fc,Nick Lowe,Nick Lowe,cruel to be kind,Cruel To Be Kind,Keep
f62913ac3726ab59aeb1d80900b2e79cb925035fcb3b901fcff2089870d72750,Nirvana,Nirvana,frances farmer will have her revenge on seattle,Frances Farmer Will Have Her Revenge On Seattle,Keep
c20f03a8c7f1e0e37134def4e0ceaff820f4b8206f3e9fba53c7d79cb8323151,Nirvana,Nirvana,very ape,Very Ape,Keep
c3c6496a0c9ccbdb16a6f876cc4c0000d40704c8939a4f7913275a70a39f9c82,No Doubt,No Doubt,hella good,Hella Good,Keep
da4a6a4d11a736cea1d6d2fbc6fa39873ce8686411300dd6aac8c3f022ec11db,No Doubt,No Doubt,sunday morning,Sunday Morning,Keep
d2511d7a8c193c5f52d8fdc4eb2fbb0f8c3d8a3db0b757044e0d93938589ab5b,Noah Cyrus,Noah Cyrus,lonely,Lonely,Keep
fdb0a247f9b263f0fd98bbc315048037b84c711e1371bfc4dd97737d166b6386,Oasis,Oasis,bring it on down,Bring It On Down,Keep
72b397d8ca2ead07f38fc2666d00c822f453d2aab2f3141584d51c82ca4b74ba,Oasis,Oasis,stop crying your heart out,Stop Crying Your Heart Out,Keep
e4d49386a3c6156d4435742af878627db2432d4df7410bc758591ddfe8dd8d8d,Oasis,Oasis,the shock of the lightning,The Shock Of The Lightning,Keep
d863b0dd362adcaa3c4ab323ead106bed3e491d8490992a664d350da519f13fd,Olivia Rodrigo,Olivia Rodrigo,drivers license,Drivers License,Keep
d50d0bdd1bca3cb0a2fe90e3299c0a084e0107eac43b47f0f31ec12cfad7a395,Otis Redding,Otis Redding,hard to handle,Hard To Handle,Keep
952dba506df7a14a3a10fe09b577f916ac9a661b1563796244db5847f1366676,Ozzy Osbourne,Ozzy Osbourne,crazy train,Crazy Train,Keep
8351dd24d78cdc628a0434ea1a852a07184b3217eebd2c66b815ba3213c237a0,Pearl Jam,Pearl Jam,elderly woman behind the counter in a small town,Elderly Woman Behind The Counter In A Small Town,Keep
4b3c0c61c34071627873de1b3e5f4d41ae84683cbee38b47ad8b38bd6eababed,Pearl Jam,Pearl Jam,sirens,Sirens,Keep
a1a219141bc71e866d8e38ff66558eb0c74609ea25d6cc40f96fe7c0d1f50474,Pearl Jam,Pearl Jam,wishlist,Wishlist,Keep
b66d44f195f9fffd3ef5ff288d99e635ae68f17860642691b672b3b6ca674bad,Pearl Jam,Pearl Jam,yellow ledbetter,Yellow Ledbetter,Keep
ec73b36798b4a94710d7fdbe83275c6b93a8118f3144fa78237c2bbfb52965cd,Pink Floyd,Pink Floyd,if,If,Keep
cde8dcb0f1d3c2cc67d85e0a7c16832756212ced789c3f1cf7c5ce2206829012,Pink Floyd,Pink Floyd,san tropez,San Tropez,Keep
10966cc0a67fccc83a72ff580395a74c25212d30f1682e321db5787b4f97a287,Pink Floyd,Pink Floyd,sheep,Sheep,Keep
136276b7ed3163d806b28352f71f4a74384e61c5f781d8cf10774d027c3c8b9c,Pink Floyd,Pink Floyd,the happiest days of our lives,The Happiest Days Of Our Lives,Keep
c04f38e005b8dc9658feceedf2d8b2f0f2257b20361cceda6036f260edb44641,Pink Floyd,Pink Floyd,welcome to the machine,Welcome To The Machine,Keep
61c9697b49dfa5bb6c61b29ba46c64cecb08b4c48614d91c44fd11b54881cc6a,Rage Against The Machine,Rage Against The Machine,freedom,Freedom,Keep
ececce48356a437820ccf41c6c81ed519122769151de264efa4670ebb799ecd3,Rage Against The Machine,Rage Against The Machine,take the power back,Take The Power Back,Keep
13954020d3d6e8e7db5025477e6e5c014f37d60eb35baca3f69d511d4268f2f8,Ritchie Valens,Ritchie Valens,donna,Donna,Keep
0b68d34083ef135d98e0f0233f48079363bf27b6ab9b01e6dd38948b2f691d01,Roy Orbison,Roy Orbison,lana,Lana,Keep
0c1f1b7f6fd9a4529974fcb8fc027fe29344cccc8fae3c9806ad2ad033ffb601,Rush,Rush,anthem,Anthem,Keep
03cbe4c697f51167389b88aeba50e2863c6d3daa828cd56ecda05f86ac17db70,Social Distortion,Social Distortion,california hustle and flow,California Hustle And Flow,Keep
336a7fe3ca62bba4f67d30b813a0ede48b5e9a6a6859b7b08044441044fb7111,Sonic Youth,Sonic Youth,kool thing,Kool Thing,Keep
5660eb8e62d8aaefa74751502deb54ce4ef6ce4b2bc1792d918f891a67616b21,Steve Winwood,Steve Winwood,higher love,Higher Love,Keep
7c0f0ac7c4223f82f4a913a58f1c4de88344df32d19c505723aa17b06e397a4d,Stevie Ray Vaughan and Double Trouble,Stevie Ray Vaughan & Double Trouble,tightrope,Tightrope,Keep
2e4d3ac29b98a01a081e39b8a81384a706973d2b6443c350da5108aa86e78ad6,Stevie Wonder,Stevie Wonder,i just called to say i love you,I Just Called To Say I Love You,Keep
7d0d63cf51537aa2056765db1a203657401da75d626c3e938cd16626197d022d,Stevie Wonder,Stevie Wonder,signed sealed delivered im yours,Signed Sealed Delivered Im Yours,Keep
df394f12a0066b6859c4de5e1830a3ca47d861f47fd412b44a795fe2bf219847,Stevie Wonder,Stevie Wonder,superstition,Superstition,Keep
6e00e2118634233a74e01525a3e8409803baf4d2fc0f35529a8322687b81f10f,Sublime,Sublime,wrong way,Wrong Way,Keep
06cbc3e04395fbe81f611cdc2228e2efb45930459bd243d18cf551c0189b1295,Suzanne Vega,Suzanne Vega,toms diner,Toms Diner,Keep
042ac24cd973f3e53d4f72304ad39006a9109bdff269fd35393d2b349c148a26,The Allman Brothers Band,The Allman Brothers Band,blue sky,Blue Sky,Keep
9d9e85d88ddecd519bb971f5223863adb96db2086a587554e5d4648f6fc7eee5,The Band,The Band,ophelia,Ophelia,Keep
262c991a134acac4b41ca3292e9722c7f32d4c3d78d92e60637e5f4d9cd61582,The Band,The Band,up on cripple creek,Up On Cripple Creek,Keep
304cab0104753302b50cc42604001823bbdfbacfe0c9bbb169e2fe0dc36d3f23,The Bangles,The Bangles,hazy shade of winter,Hazy Shade Of Winter,Keep
95d2c879d87a22bb85e573fc2dd717f3df27380caf1d7a6493d36e96f35003dc,The Bangles,The Bangles,walk like an egyptian,Walk Like An Egyptian,Keep
8ea5851a11c69a37e13e6eaa25817ed383d4be4f2e26eb6accd9c7f6e59b1908,The Beatles,Beatles,act naturally,Act Naturally,Keep
aedc21b42c07e45bdaf813e27998d98d9294e79c2823680482f00134290d58b1,The Beatles,Beatles,come together,Come Together,Keep
d4d7f030eeae78294bea7942d2b15e82bd19112683faa4d1a68b485b7fd33061,The Beatles,Beatles,dig a pony,Dig A Pony,Keep
fa4bab96ed9a384584bb9abfb3277b06dd77138e386d03d76d309ff601d2a889,The Beatles,Beatles,sexy sadie,Sexy Sadie,Keep
225ac94e8c4790c61912af89ed4e16db2606b4f1f92604b0992ec5707d601d9a,The Beatles,Beatles,ticket to ride,Ticket To Ride,Keep
322803f71b282121b71083e68bb7ec70ea06f63cf6ad650b73210857342b2a81,The Black Eyed Peas,Black Eyed Peas,pump it,Pump It,Keep
c03462e5582982b3d0555d3ba2dfc345ee087d089516425f5494ff51272bfb5b,The Black Eyed Peas,Black Eyed Peas,where is the love,Where Is The Love,Keep
19e4066be987f2ca117be4e274947209540b73f900510ec134e4d4d19f9d23b9,The Blues Brothers,The Blues Brothers,everybody needs somebody to love,Everybody Needs Somebody To Love,Keep
5ec60d5e96d56fe0e81daee535b848333e5807cf9eb11c5abb93d0594b3a6953,The Blues Brothers,The Blues Brothers,gimme some lovin,Gimme Some Lovin,Keep
3ac3e6f916bf5623b175181d438e803cef3f4a3dabb4531a6a664c536b69cba3,The Blues Brothers,The Blues Brothers,sweet home chicago,Sweet Home Chicago,Keep
5bd1165d8048d867debe7c264cb94a54b6cfea5c3997cdbe6acc22b3746159a0,The Buzzcocks,The Buzzcocks,ever fallen in love,Ever Fallen In Love,Keep
fe3c7b1a6b20e30981f37013f295254e9fe32008b609e9f5e7531f9186942369,The Buzzcocks,The Buzzcocks,jerk,Jerk,Keep
64e73ca9419ab7e4a71f59208b0f6e6ccf5848c92820004069fe2d37b3d4a256,The Buzzcocks,The Buzzcocks,oh shit,Oh Shit,Keep
654e44263ad3362d32a6bb9ef856cfa9191b15978e8001097d56b3f7b78dda1f,The Cure,The Cure,boys dont cry,Boys Dont Cry,Keep
55a0b5842d439c33b3c96914d9494b1961e4c0ed6822472b8f63b58ca65cbab7,The Cure,The Cure,fire in cairo,Fire In Cairo,Keep
aebd02019e733f1ff27dc69ce26ea3f236a0e2b54eb01044cbedd12efc2adac9,The Cure,The Cure,lovesong,Lovesong,Keep
430d11b744ff56805ab8f955845c8b9459b54798d3849b56b515fe1579c14116,The Cure,The Cure,the lovecats,The Lovecats,Keep
e1dc00aa6354e5213bd2ae5e0103d94afc4549112b28f9d3732aba22a37569cb,The Eagles,Eagles,heartache tonight,Heartache Tonight,Keep
0dbcfeb7c62db98bc7a805d5aa7336de3e42936a4741f2e534241aaaea3d0ad3,The Grateful Dead,Grateful Dead,deal,Deal,Keep
3abf0412896152cf37b47c4de81b585d6ab3bb18785a36b077ad1308b2fd59e9,The Grateful Dead,Grateful Dead,scarlet begonias,Scarlet Begonias,Keep
7d3b29e7239d450f4635089c254d61d2aec4b5bc6d8536a0497d55b6d38be472,The Grateful Dead,Grateful Dead,sugaree,Sugaree,Keep
55d4b91e172dfb3b17d515f1e9fa48eae90a083d6edf48f5bcb0959af74d6daa,The Guess Who,The Guess Who,these eyes,These Eyes,Keep
6065fa153c4a97de4f2bb089f693adc080e0549f3ed63ab11bf3d9f027258fa5,The J Geils Band,The J Geils Band,centerfold,Centerfold,Keep
176400da3f886febc72e6ee6db005603bea76d521553334150a4f64c060eb365,The Kinks,The Kinks,a well respected man,A Well Respected Man,Keep
01c94cb868333c42968d1c52afc5f5f9cad8adb696994526a392f5de4f0f08fa,The Monkees,The Monkees,daydream believer,Daydream Believer,Keep
7f01f446dfdda635962094104a014b71e06bea42999e24bbaf8520f085653bf3,The Police,The Police,so lonely,So Lonely,Keep
32fc543a4cf91e447e00b510a9ee594be0e28769f4df898938eef03fe02b6143,The Raconteurs,The Raconteurs,bored and razed,Bored And Razed,Keep
177dc154ce7bae75089576eee48462e894947fc1986a38808f0a705365862105,The Raconteurs,The Raconteurs,only child,Only Child,Keep
b0dab0d2a55f7185e8de7a533a3337f5c32da1ba87d1fa5ed76f80624df7694c,The Ramones,Ramones,53rd and 3rd,53rd And 3rd,Keep
2b24175412e5b523bbdf59a77fd66cd2abde9b04c3ec8c39f0a93480c6a5629b,The Ramones,Ramones,a real cool time,A Real Cool Time,Keep
9bf739dc8c693d13f41923e02538c1b4aec173bb8999ec8a691cce484bf3bdb4,The Ramones,Ramones,animal boy,Animal Boy,Keep
1bd9ae0f44623d79bde5daec0687221c4b5dbcf97139e902843cd353769138a4,The Ramones,Ramones,anxiety,Anxiety,Keep
50a232eab00a8654d3240fbb097f97658c5f510774a5c08deb1ed0ffd5490787,The Ramones,Ramones,beat on the brat,Beat On The Brat,Keep
46ded7ba302cfd54a74b3c277304d4e5c4824974292dd8282436001fcfaeba4a,The Ramones,Ramones,bop til you drop,Bop Til You Drop,Keep
bd21c0074c745f076ab997d94ddf83bc1f671c9495fc5ff44564f529b1836d4c,The Ramones,Ramones,california sun,California Sun,Keep
891b014c70b4fce4d48c1d6ca4c0f739e724e065a4491e28298642f0c97c6aa3,The Ramones,Ramones,carbona not glue,Carbona Not Glue,Keep
e196f11edfb181b403062f92b67668d08763ac0add4fcf563e297508a8ca0a6f,The Ramones,Ramones,censorshit,Censorshit,Keep
636faf415deb5087d51cfcf6dc040cba85e8771b2e3ac6be7a9303c3e0fedcd0,The Ramones,Ramones,chain saw,Chain Saw,Keep
4c0b40e0bb44b909430fe770829bcadfec395dbc75f6cac6d0318d39bd132723,The Ramones,Ramones,commando,Commando,Keep
f8635c7d4a8a8bd8fa164d108d84ddb91be7142f8ac816fb329465b4b0cac23f,The Ramones,Ramones,cretin hop,Cretin Hop,Keep
e433d4efdd3c622b86fd64e8b69f2673a10bd7c9751a46cd8af0ee3e5fcf264f,The Ramones,Ramones,danger zone,Danger Zone,Keep
612ad4f0e4e490936d34f340663335b16e07a6c310ce11e06b59125b3907cc9f,The Ramones,Ramones,death of me,Death Of Me,Keep
1c05f79e17f20421807cb7e26cd64be8931af45e6bd2f9a4721c5870435e9ce4,The Ramones,Ramones,do you wanna dance,Do You Wanna Dance,Keep
91550c528f8f4c75b30152a5b66807d79930afd65c7f218042081bd269e3468b,The Ramones,Ramones,dont bust my chops,Dont Bust My Chops,Keep
2e575446fabf9c387844cfbad407750787490d18524a7670cf648c7f13ed871f,The Ramones,Ramones,garden of serenity,Garden Of Serenity,Keep
5dc5be7957e233569b31b73b9942bfadb7e217279896fee38f422fa939148d72,The Ramones,Ramones,gimme gimme shock treatment,Gimme Gimme Shock Treatment,Keep
901dac895426ff02d9ba74716044e1a46b8073d2a31c26c03608969ed33558e4,The Ramones,Ramones,glad to see you go,Glad To See You Go,Keep
2bff7bc052f60b23c645fa3ae4e4937c0521686643074cb4f86d76ff9323d638,The Ramones,Ramones,here today gone tomorrow,Here Today Gone Tomorrow,Keep
214d4030c1af79e86e21cb10934f5e3c899b787acf7e0bad9722d5731428bf88,The Ramones,Ramones,humankind,Humankind,Keep
a121992d1451995a2c3501da89d062938d5f5e761cab48b3f84ba234d31dd1a3,The Ramones,Ramones,i believe in miracles,I Believe In Miracles,Keep
bc26c349c6f63b81f906d8f20b3d663409ee12f4ccc017bf4c6d1e41e1e8e5de,The Ramones,Ramones,i cant give you anything,I Cant Give You Anything,Keep
a163e6cec402048427476b219441abf1339de9840760541f51d58302989832e1,The Ramones,Ramones,i dont wanna grow up,I Dont Wanna Grow Up,Keep
bf710ae94c43aa2bb131f76bc666106ced16f30867737ec74719170ce1096e18,The Ramones,Ramones,i dont wanna walk around with you,I Dont Wanna Walk Around With You,Keep
31cd9c9399149045c409196c022934b8bc70933ae6766476f8e1a794a47ff18b,The Ramones,Ramones,i dont want you,I Dont Want You,Keep
6b4ede5305c1bc4029386ab058f0ba6ffce542392e8072bb1275fb9f989e603f,The Ramones,Ramones,i just want to have something to do,I Just Want To Have Something To Do,Keep
a7d04372836134405ba5b39d441b60f4b795902aeb92bf52bd770cdbeb3b330e,The Ramones,Ramones,i love you,I Love You,Keep
1efb4d76a76951bf2634c032d4c631b0b2b53af18cb151131c8adeeec63b1689,The Ramones,Ramones,i remember you,I Remember You,Keep
d6f80ad4a3aec494313a0e659d0ff298e80fe64bcb184957dee11bbd2c844492,The Ramones,Ramones,i wanna be your boyfriend,I Wanna Be Your Boyfriend,Keep
8efc9a06c2dcddecd19343b10f20e4a06c7ad3a77d76566808900852d1a9c907,The Ramones,Ramones,im against it,Im Against It,Keep
53fe05e60ee5554d56783262e48d5feeadbc282af403cbffb495e9ce3f1d1cef,The Ramones,Ramones,learn to listen,Learn To Listen,Keep
7fecf1d83459ab04964acf725640d59f463be1a2b7fa0d44b59980fc6403d072,The Ramones,Ramones,lets dance,Lets Dance,Keep
aef9fee3644901d06165df2c7103a2d8a7df5d82183fc9c44909435854236df3,The Ramones,Ramones,listen to my heart,Listen To My Heart,Keep
6028fd062c9e1471055f2b14be841f30279271604db47849d050dc5f3e9a4c7d,The Ramones,Ramones,locket love,Locket Love,Keep
6f4967f88d0fc02a54d9dd8bc9dedaf736a23b1cdde448976e4d28617c794e10,The Ramones,Ramones,makin monsters for my friends,Makin Monsters For My Friends,Keep
b83f51f82af2e376a2d3551b4c65c768f65f2ef3e9f3ca8619121d1c441515aa,The Ramones,Ramones,mamas boy,Mamas Boy,Keep
39086aae55d828c4f79ec4fdc63c1c842f58d52132a845eb7731d5aa8744d16e,The Ramones,Ramones,no go,No Go,Keep
5c7458547909ee14546a5531f171a1ebf7568b2dd53f876b75be09d797c08d37,The Ramones,Ramones,now i wanna be a good boy,Now I Wanna Be A Good Boy,Keep
b43e08e56422927878204e8883e0246cb2792ab6e3c9eac09137ab7bbe59ad88,The Ramones,Ramones,oh oh i love her so,Oh Oh I Love Her So,Keep
9573d40cd88328f107bf9d1e9be1908e428973d0d2d70c87ab856c0f28a6131a,The Ramones,Ramones,palisades park,Palisades Park,Keep
8c909e58edf0474e52f8c2b7f49fb24c822eeb07c649b7f090eb2368d533aac1,The Ramones,Ramones,pinhead,Pinhead,Keep
ad630963bb64d310a1e529839a9518a3d09bee264e0fb0ff062e7b28e5fd15df,The Ramones,Ramones,planet earth 1988,Planet Earth 1988,Keep
c6ca73d7a0e8739c1871e34adf28232e7847f3addee17ded8608b1c323af373d,The Ramones,Ramones,punishment fits the crime,Punishment Fits The Crime,Keep
0d6b16ad7363de9e56ad2be9f140106dab9c42a4563ed1dce8168e8c9a040eef,The Ramones,Ramones,ramona,Ramona,Keep
b0706c107e0428676808548053ac4c99cc465632e47d1777c5fff1e10b076729,The Ramones,Ramones,rockaway beach,Rockaway Beach,Keep
0b50c4f218a11a59cc7f3f6d694855b3f0071efa1874592d6a164f7f0e5220b5,The Ramones,Ramones,shes the one,Shes The One,Keep
1b9790a6ea7cec4169b5d5387df0b70f1796e2db8072d6814ae69fb8c8ad876b,The Ramones,Ramones,smash you,Smash You,Keep
b9c932bd2f1fbaebe14ce3fe3b9b5dc6f7ca100d534b336be65a837200fa7b75,The Ramones,Ramones,suzy is a headbanger,Suzy Is A Headbanger,Keep
b2a1fe07514d476d3b378fb3a6ef99c63e5fde4dab9675c484e65b626fdf9d44,The Ramones,Ramones,teenage lobotomy,Teenage Lobotomy,Keep
fa4a2bd2e360e9434798f9b2677bb00feff580b952bd93e0a9298e7f19563bd1,The Ramones,Ramones,today your love tomorrow the world,Today Your Love Tomorrow The World,Keep
993ae6581bfe4994e445646871edba5980775fc2db2bcb6c405fe7aad488c476,The Ramones,Ramones,tomorrow she goes away,Tomorrow She Goes Away,Keep
504151a0fd4e061d76e6c8c4290b104414f07a3ed2cd617c198a80d366e21416,The Ramones,Ramones,too tough to die,Too Tough To Die,Keep
6ed02d9d01c2e851dab7582a159f148023d0873a86a0b3f8691d504fc506c1c3,The Ramones,Ramones,were a happy family,Were A Happy Family,Keep
f6a5e1b145ad59f20f7d68e2f3db4a1c936edc56538804829254be3ac6bc204e,The Ramones,Ramones,whats your game,Whats Your Game,Keep
c5c407d0d5d6c421c3f929a6498d6d38efccce4f0e40e74ddb03c0bc4873edf1,The Ramones,Ramones,worm man,Worm Man,Keep
c155f107804809aae6ddb616fe2fc561d37139098993118c4b6da46cd34c5765,The Ramones,Ramones,you should have never opened that door,You Should Have Never Opened That Door,Keep
812ef04988b4519de96420599fd7cff38e2c05dc9ef1cdb5799ed0c45c93dbe5,The Ramones,Ramones,youre gonna kill that girl,Youre Gonna Kill That Girl,Keep
34e0c85b6d3e802a53d12179400a7910246eebbaa9c7da809259b42ee1285643,The Ramones,Ramones,zero zero ufo,Zero Zero UFO,Keep
462c7220b26a96dd36ed4b8e91f32aee5362d1a84f2b542e156e664ad5b3176b,The Red Hot Chili Peppers,Red Hot Chili Peppers,havana affair,Havana Affair,Keep
55baf906b859058530d962eaec949d7d60ae1708ff8a7dd8a07b6a1ff2c5b448,The Red Hot Chili Peppers,Red Hot Chili Peppers,hey,Hey,Keep
04c1b5fd95527f8009c5bd4cab02f35ed667f52ad02574521c1528e7ea791507,The Red Hot Chili Peppers,Red Hot Chili Peppers,look around,Look Around,Keep
78e2eb07e144c2859941f787de360fe0f404e21c3600a872fe22ad1c403bb91f,The Red Hot Chili Peppers,Red Hot Chili Peppers,minor thing,Minor Thing,Keep
d3074555339f56687d36b9772bc19efff58cd5b984f5cef9b53597d41fd6be78,The Red Hot Chili Peppers,Red Hot Chili Peppers,porcelain,Porcelain,Keep
750c397de5b894c21f95629e7df2605fbf57be29666860c102b10e594ad622d1,The Red Hot Chili Peppers,Red Hot Chili Peppers,shes only 18,Shes Only 18,Keep
9d3b398d42ae15aa9efc0b96e96650ce0387f0191bd492cf1cb0a95f8ba0ddbc,The Red Hot Chili Peppers,Red Hot Chili Peppers,sick love,Sick Love,Keep
fb374b1ec7412c6abedec548742350b594d59f8c283a72df53496a2e65911f7d,The Red Hot Chili Peppers,Red Hot Chili Peppers,this velvet glove,This Velvet Glove,Keep
db3f13b43a4f3172b4302ad631669acc5a66d6e42cb399be55a4cf18cb39fb6c,The Rolling Stones,Rolling Stones,19th nervous breakdown,19th Nervous Breakdown,Keep
dfbed8d848b8812e005f6c2cc1a56dd080f29b6326baa9e6176b17301c509ee5,The Rolling Stones,Rolling Stones,let it bleed,Let It Bleed,Keep
2ab7210f1a894c7a70dda713c96bc7e0901cc7a9833d0076eb362f8cbe4899ce,The Rolling Stones,Rolling Stones,shes a rainbow,Shes A Rainbow,Keep
6c65fd76f8d618441685ce90cdd3a3e360ef8183c2e8e1a2857d2d4e56028bb6,The Rolling Stones,Rolling Stones,sympathy for the devil,Sympathy For The Devil,Keep
3b373b69745510f7bc44171b29593efe815d718f9304551b59fa3a619cade85d,The Rolling Stones,Rolling Stones,time is on my side,Time Is On My Side,Keep
99cc1731a7dce8837e6ca79244a92a03eb79976d050857864d2c5023923b9209,The Smashing Pumpkins,Smashing Pumpkins,here is no why,Here Is No Why,Keep
d84aa03a6319a89fec576feb6d0c0e5877f84fd93f780db48e5e270e2536784b,The Smashing Pumpkins,Smashing Pumpkins,solara,Solara,Keep
c933d4579e9c7172e918f9900a03f97ed7d0660d951cf5010babd78a6ab5f7b0,The Stooges,The Stooges,tv eye,TV Eye,Keep
00253649bda5e94cf17e4ddfd527dfd96f55a70e7fea40bce44dca1a60d8c082,The Strokes,The Strokes,at the door,At The Door,Keep
a9f180b7b4ee447f126df16a3de6e3e2a0bda31073278607a44be9a6d9ec396a,The Strokes,The Strokes,call it fate call it karma,Call It Fate Call It Karma,Keep
e528e7d8bbd660fffa1e91d94ddc56c8f104dc6fd8d9cbed3a99782c5843047e,The Strokes,The Strokes,the adults are talking,The Adults Are Talking,Keep
fc264c2cc2bb913a3b97ca1e87054090126bb5b028dcee70e4b8c86d1e4288b5,The Strokes,The Strokes,vision of division,Vision Of Division,Keep
5a1c99863e719c751529ee9bb4dbbbb156467eef716fb04eaef77a412590b614,The Supremes,The Supremes,you cant hurry love,You Cant Hurry Love,Keep
c2b851204d10176ed3b55779a70923120dad34c4d987804b58cbd2f92ed1aa6b,The Temptations,The Temptations,papa was a rollin stone,Papa Was A Rollin Stone,Keep
9260e82c77fa39c613b47acde53eba4ce7a20acb786bab65d4e2597e0fd2652d,The Undertones,The Undertones,boys will be boys,Boys Will Be Boys,Keep
56ac528f416bdbd9d8406e719842203761165d5974af24ea06c74c5d2f11a9f6,The Undertones,The Undertones,casbah rock,Casbah Rock,Keep
28a39f486cdc75c0a1d5ea594bddee6024ae2dff812b9b2fe72f1fec40fc65fb,The Undertones,The Undertones,true confessions,True Confessions,Keep
29a474f7bbb53afa91e16727d6e8d0e9e1cdf628e0f203d631e09c3b78ec676e,The Undertones,The Undertones,wrong way,Wrong Way,Keep
5ca71a0a0f6973e0c762d1347c35339da3fe10d00e8905c29f654cf9cc4e1e5d,The Who,The Who,baba oriley,Baba Oriley,Keep
22288d30a284f6e49577a3315a8882af83bd7b4b345760a25e789914260d11be,The Who,The Who,eminence front,Eminence Front,Keep
0bf0d8e58c4213e759ff59674719b27126655cb3f38cf74f2a6b35999245659d,The Zombies,The Zombies,this will be our year,This Will Be Our Year,Keep
b73675719f1af53f7b080043dd6d9e122181789a1df949ea72a4585ecafc341f,Tragically Hip,Tragically Hip,ahead by a century,Ahead By A Century,Keep
efb857d17f5710a6088fcd2d4029b34eb897cdd0e6e1001568a0e1fd15af3367,Tragically Hip,Tragically Hip,blow at high dough,Blow At High Dough,Keep
78fccbd9ae7e85e9c145f818f3d8802f06a5eef3cdbfd25e6e4096a53d2693e0,Tragically Hip,Tragically Hip,fiddlers green,Fiddlers Green,Keep
0d20c3ea9f2b15196f73ebcca0956e344f9d4081c084677836f9cddc01d8e800,Van Halen,Van Halen,feel your love tonight,Feel Your Love Tonight,Keep
b899a8fc90b17f912ee97a49dd89292c69fafb392ab2fbbb61a146c8b7c066d3,Van Halen,Van Halen,finish what ya started,Finish What Ya Started,Keep
15ec5b264f30bf3fc4448ca0be7588158159e5b6919f7ddf871aee2a719b4c78,Van Halen,Van Halen,poundcake,Poundcake,Keep
52798b67319ec3c30797e00b33d29bff3fdfacfab54ee4511ed86d2e7af02a8f,Van Morrison,Van Morrison,into the mystic,Into The Mystic,Keep
366dfca5a21c92a4dc80eb8ed97e3736053fa234fa978799bde6953271ab08d1,Velvet Underground,Velvet Underground,after hours,After Hours,Keep
844812ec772e57cd4d1a83b046b04b5e8ac6a21c96c68db0fefab9fcaafe1b7c,Velvet Underground,Velvet Underground,candy says,Candy Says,Keep
bcda29ce677dc8f37a168f95e54fcd2583cab35c2d737a202364e4547f82081d,Velvet Underground,Velvet Underground,femme fatale,Femme Fatale,Keep
305143647173d5ad95459f1d622a68f4738456053517bac69955b5af27049b9d,Velvet Underground,Velvet Underground,heroin,Heroin,Keep
db36a7a719938ed67547f4b1524d4e4f307343762c90201019acb6a1162128c0,Velvet Underground,Velvet Underground,ill be your mirror,Ill Be Your Mirror,Keep
26395de1d5e31e2b1d7212406386104e4ee3a1ebae07648522aba926815edb4c,Velvet Underground,Velvet Underground,im sticking with you,Im Sticking With You,Keep
115fd0d0afc592d0cb312a0a06ae01adb2b22456db1e8d7c0e5c45469750b5c2,Velvet Underground,Velvet Underground,pale blue eyes,Pale Blue Eyes,Keep
1d4dbeebe0f8a6b6794ec8dff01845fce58fbf5f580373dc1d2d68f61cc08356,ZZ Top,ZZ Top,concrete and steel,Concrete And Steel,Keep
deb7041bc995784c74b3239b772dd659ca2e9ecf9eeeadd5abce5526f61c37ac,ZZ Top,ZZ Top,just got back from babys,Just Got Back From Babys,Keep
