"Artist","Current songs (verified 13,025 bank)","Proposed usable additions (pending owner decisions)","Net gain if all kept","Candidate rows","Selected scope"
"3 Doors Down","9","0","0","6","YES"
"38 Special","3","0","0","2","YES"
"4 Non Blondes","1","0","0","0","YES"
"A Flock of Seagulls","2","0","0","0","YES"
"A-Ha","2","0","0","1","YES"
"ABBA","23","0","0","4","YES"
"AC|DC","63","4","4","36","YES"
"Aimee Mann","1","0","0","0","YES"
"Alanis Morissette","2","1","1","1","YES"
"Alien Ant Farm","4","0","0","3","YES"
"Alison Krauss","1","0","0","0","YES"
"Allen Toussaint","0","0","0","0","YES"
"Amy Winehouse","8","0","0","1","YES"
"Archie Bell and the Drells","0","0","0","1","YES"
"Arctic Monkeys","79","6","6","11","YES"
"Aretha Franklin","4","0","0","0","YES"
"Ariana Grande","24","6","6","9","YES"
"Attila","13","0","0","0","YES"
"Audioslave","11","1","1","6","YES"
"Average White Band","0","0","0","1","YES"
"Avril Lavigne","25","1","1","5","YES"
"B.J. Thomas","2","0","0","0","YES"
"Backstreet Boys","2","1","1","1","YES"
"Bad Company","6","1","1","3","YES"
"Barenaked Ladies","1","2","2","7","YES"
"Beastie Boys","5","0","0","2","YES"
"Ben Folds Five","0","0","0","1","YES"
"Bill Withers","5","1","1","1","YES"
"Billie Joe Armstrong","2","0","0","0","YES"
"Billy Idol","4","1","1","2","YES"
"Billy Joel","13","0","0","3","YES"
"Billy Squier","2","1","1","1","YES"
"Blondie","6","0","0","0","YES"
"Blue Oyster Cult","0","0","0","3","YES"
"Blues Traveler","2","0","0","0","YES"
"Bob Dylan","28","2","2","4","YES"
"Bob Marley","8","4","4","10","YES"
"Bob Seger","1","0","0","1","YES"
"Bon Jovi","18","1","1","28","YES"
"Bonnie Raitt","2","0","0","0","YES"
"Bonnie Tyler","3","0","0","0","YES"
"Booker T The M G S","0","0","0","1","YES"
"Boston","12","0","0","1","YES"
"Brad Paisley","2","0","0","2","YES"
"Brandi Carlile","1","0","0","1","YES"
"Bread","6","0","0","1","YES"
"Brian Setzer","0","0","0","0","YES"
"Bruce Hornsby","1","0","0","0","YES"
"Bruce Springsteen","15","1","1","2","YES"
"Bryan Adams","9","2","2","3","YES"
"Buck Owens","0","1","1","1","YES"
"Buddy Guy","1","1","1","3","YES"
"Buddy Holly","19","0","0","0","YES"
"Buena Vista Social Club","0","0","0","5","YES"
"Buffalo Springfield","1","0","0","0","YES"
"Buggles","1","0","0","0","YES"
"Bush","5","0","0","4","YES"
"Butthole Surfers","0","1","1","1","YES"
"Cage The Elephant","26","3","3","4","YES"
"Cake","4","1","1","5","YES"
"Carole King","1","0","0","1","YES"
"Cat Stevens","10","0","0","8","YES"
"Champs","1","9","9","10","YES"
"Cheap Trick","3","1","1","1","YES"
"Chet Atkins","0","0","0","13","YES"
"Chic","1","1","1","2","YES"
"Chicago","3","0","0","2","YES"
"Chris De Burgh","0","0","0","1","YES"
"Chris Isaak","1","2","2","2","YES"
"Chris Stapleton","14","3","3","9","YES"
"Christmas","12","0","0","3","YES"
"Christopher Cross","2","0","0","0","YES"
"Christy Moore","0","1","1","1","YES"
"Chubby Checker","1","0","0","0","YES"
"Chuck Berry","7","1","1","1","YES"
"Cindy Lauper","0","0","0","0","YES"
"Coldplay","32","4","4","21","YES"
"Cole Porter","0","0","0","0","YES"
"Collective Soul","5","0","0","11","YES"
"Corey Hart","1","0","0","0","YES"
"Corinne Bailey Rae","3","0","0","0","YES"
"Counting Crows","4","0","0","1","YES"
"Coverdale & Page","0","0","0","1","YES"
"Crash Test Dummies","1","0","0","0","YES"
"Creedance Clearwater Revival","25","1","1","24","YES"
"Crosby Stills Nash","0","0","0","5","YES"
"Crosby Stills Nash Young","0","1","1","8","YES"
"Crowded House","4","1","1","1","YES"
"Culture Club","1","0","0","0","YES"
"Curtis Mayfield","1","0","0","0","YES"
"Cyndi Lauper","4","0","0","0","YES"
"Dave Matthews","0","0","0","23","YES"
"Deep Purple","10","1","1","46","YES"
"Def Leppard","15","1","1","11","YES"
"Del Amitri","1","0","0","0","YES"
"Del Shannon","1","0","0","1","YES"
"Depeche Mode","6","2","2","18","YES"
"Derek and the Dominos","1","0","0","3","YES"
"Devo","2","0","0","0","YES"
"Dexys Midnigth Runners","1","0","0","0","YES"
"Diana Ross","0","1","1","1","YES"
"Dick Dale","0","0","0","2","YES"
"Dinosaur Jr.","1","0","0","0","YES"
"Dion & The Belmonts","3","0","0","2","YES"
"Dolly Parton","1","2","2","3","YES"
"Don Henley","1","0","0","1","YES"
"Dropkick Murphys","2","0","0","1","YES"
"Earth Wind Fire","0","1","1","4","YES"
"Echo And The Bunnymen","2","0","0","1","YES"
"Eddie Money","1","2","2","2","YES"
"Elton John","17","1","1","5","YES"
"Elvis Costello","2","0","0","1","YES"
"Elvis Presley","23","4","4","5","YES"
"Emerson, Lake & Palmer","2","0","0","1","YES"
"Eminem","16","1","1","14","YES"
"Eric Clapton","22","5","5","7","YES"
"Eurythmics","2","0","0","1","YES"
"Everything But The Girl","0","0","0","1","YES"
"Fitz And The Tantrum","1","1","1","1","YES"
"Fleetwood Mac","15","5","5","18","YES"
"Foreigner","9","0","0","2","YES"
"Frank Sinatra","6","1","1","3","YES"
"Frank Zappa","2","1","1","3","YES"
"Frankie Valli","0","0","0","1","YES"
"George Michael","3","0","0","1","YES"
"George Thorogood","0","0","0","1","YES"
"Glenn Campbell","0","0","0","0","YES"
"Gordon Lightfoot","4","0","0","0","YES"
"Gregg Allman","1","0","0","0","YES"
"Guns N'Roses","31","3","3","59","YES"
"Hall and Oates","4","1","1","3","YES"
"Heart","4","1","1","4","YES"
"Hole","3","0","0","1","YES"
"Hootie The Blowfish","0","1","1","3","YES"
"Huey Lewis & The News","1","0","0","3","YES"
"Jackson Browne","3","0","0","1","YES"
"Jane's Addiction","4","0","0","2","YES"
"Jason Mraz","10","1","1","4","YES"
"Jeff Beck","1","0","0","4","YES"
"Jerry Lee Lewis","1","0","0","0","YES"
"Jewel","1","0","0","3","YES"
"Jimmy Buffett","3","0","0","2","YES"
"Joan Jett & The Blackhearts","3","1","1","3","YES"
"Joan Osborne","1","0","0","0","YES"
"Joao Gilberto, Astrud Gilberto Stan Getz","0","0","0","0","YES"
"Joe Jackson","0","1","1","2","YES"
"John Fogerty","1","0","0","2","YES"
"John Lee Hooker","0","0","0","1","YES"
"John Lennon","13","1","1","3","YES"
"John Mayall The Bluesbreakers","0","0","0","3","YES"
"John Mayer Trio","1","0","0","1","YES"
"Johnny Cash","30","6","6","8","YES"
"Johnny Lee Hooker","1","0","0","0","YES"
"Josie And The Pussycats","0","0","0","2","YES"
"Journey","12","1","1","3","YES"
"Judy Collins","1","0","0","0","YES"
"Juice Newton","0","1","1","1","YES"
"Kate Bush","2","0","0","1","YES"
"Katrina And The Waves","0","1","1","1","YES"
"Keb' Mo'","1","0","0","4","YES"
"Keith Richards","0","0","0","0","YES"
"Lady Gaga","10","6","6","11","YES"
"Lana Del Ray","2","0","0","0","YES"
"Led Zeppelin","40","6","6","46","YES"
"Lenny Kravitz","10","0","0","2","YES"
"Lenny Kravtiz","1","0","0","0","YES"
"Linda Ronstadt","3","1","1","1","YES"
"Lindsey Buckingham","1","0","0","0","YES"
"Linkin Park","53","1","1","15","YES"
"Lionel Richie","0","0","0","4","YES"
"Lisa Loeb","1","0","0","0","YES"
"Little Feat","1","0","0","0","YES"
"Little Richard","0","0","0","1","YES"
"Little River Band","0","0","0","1","YES"
"Living Colour","1","0","0","2","YES"
"Liz Phair","0","0","0","2","YES"
"Loggins Kenny","0","0","0","2","YES"
"Loggins Messina","0","0","0","1","YES"
"Lonnie Johnson","1","0","0","0","YES"
"Loretta Lynn","1","0","0","0","YES"
"Louis Armstrong","2","0","0","0","YES"
"Luther Vandross","0","0","0","1","YES"
"Madness","2","1","1","2","YES"
"Marianne Faithfull","0","1","1","1","YES"
"Maroon 5","18","5","5","7","YES"
"Martha And The Vandellas","0","0","0","1","YES"
"Marvin Berry & the Starlighters","1","0","0","0","YES"
"Marvin Gaye","3","1","1","2","YES"
"Metallica","97","2","2","125","YES"
"Michael Jackson","17","1","1","5","YES"
"Mick Jagger","0","0","0","1","YES"
"Mississippi John Hurt","2","1","1","19","YES"
"Modern English","0","0","0","2","YES"
"Monty Python","0","0","0","1","YES"
"Motley Crue","0","0","0","22","YES"
"Mott the Hoople","1","0","0","0","YES"
"Mr Mister","0","0","0","1","YES"
"Mudhoney","1","1","1","1","YES"
"Neil Diamond","2","0","0","1","YES"
"Neil Young","24","1","1","5","YES"
"Neil Young & Crazy Horse","1","0","0","0","YES"
"Nelly Furtado","1","0","0","0","YES"
"New Order","2","1","1","1","YES"
"New Radicals","1","0","0","0","YES"
"Nick Lowe","0","1","1","1","YES"
"Night Ranger","0","0","0","3","YES"
"Nirvana","53","2","2","35","YES"
"No Doubt","3","2","2","6","YES"
"Noah Cyrus","0","1","1","2","YES"
"Norah Jones","4","0","0","0","YES"
"Oasis","23","3","3","40","YES"
"Olivia Newton-John","1","0","0","0","YES"
"Olivia Rodrigo","8","1","1","6","YES"
"Otis Redding","2","1","1","1","YES"
"Ozzy Osbourne","21","1","1","6","YES"
"Pat Benatar","3","0","0","1","YES"
"Paul McCartney","18","0","0","7","YES"
"Paul McCartney & Wings","1","0","0","0","YES"
"Pearl Jam","15","4","4","56","YES"
"Pete Townshend","1","0","0","0","YES"
"Peter Frampton","2","0","0","1","YES"
"Peter Gabriel","3","0","0","2","YES"
"Peter Tosh","0","0","0","0","YES"
"Pink Floyd","59","5","5","71","YES"
"Quuens Of The Stone Age","1","0","0","0","YES"
"Rage Against The Machine","5","2","2","39","YES"
"Ray Lamontagne","0","0","0","1","YES"
"REO Speedwagon","4","0","0","2","YES"
"Ricky Nelson","2","0","0","0","YES"
"Ritchie Valens","2","1","1","1","YES"
"Rollling Stones","0","0","0","0","YES"
"Roy Clark","0","0","0","1","YES"
"Roy Orbison","8","1","1","3","YES"
"Rush","14","1","1","73","YES"
"Silent Distortion","0","0","0","1","YES"
"Simon and Garfunkel","15","0","0","5","YES"
"Simple Minds","1","0","0","1","YES"
"Smithereens","1","0","0","1","YES"
"Social Distortion","8","1","1","1","YES"
"Sonic Youth","2","1","1","2","YES"
"Soundgarden","9","0","0","31","YES"
"Spandau Ballet","1","0","0","1","YES"
"Spongebob Squarepants","3","0","0","0","YES"
"Steely Dan","5","0","0","7","YES"
"Steve Miller","5","0","0","6","YES"
"Steve Winwood","0","1","1","1","YES"
"Stevie Ray Vaughan","7","0","0","0","YES"
"Stevie Ray Vaughan and Double Trouble","7","1","1","15","YES"
"Stevie Ray Vaughn","1","0","0","0","YES"
"Stevie Wonder","5","3","3","5","YES"
"Stone Temple Pilots","13","0","0","27","YES"
"Stray Cats","4","0","0","0","YES"
"Styx","3","0","0","4","YES"
"Sublime","9","1","1","9","YES"
"Suzanne Vega","1","1","1","1","YES"
"The Allman Brothers Band","7","1","1","7","YES"
"The Animals","9","0","0","4","YES"
"The B-52's","2","0","0","0","YES"
"The Band","2","2","2","2","YES"
"The Bangles","2","2","2","2","YES"
"The Beach Boys","22","0","0","5","YES"
"The Beatles","193","5","5","39","YES"
"The Black Eyed Peas","4","2","2","2","YES"
"The Blues Brothers","2","3","3","5","YES"
"The Buzzcocks","1","3","3","3","YES"
"The Byrds","1","0","0","2","YES"
"The Carpenters","2","0","0","0","YES"
"The Cure","9","4","4","37","YES"
"The Damned","0","0","0","1","YES"
"The Drifters","1","0","0","0","YES"
"The Eagles","22","1","1","8","YES"
"The Everly Brothers","8","0","0","0","YES"
"The Go-Go's","2","0","0","0","YES"
"The Grateful Dead","14","3","3","7","YES"
"The Guess Who","3","1","1","1","YES"
"The Hooters","1","0","0","0","YES"
"The Ink Spots","1","0","0","0","YES"
"The J Geils Band","0","1","1","1","YES"
"The Jackson 5","3","0","0","0","YES"
"The Jacksons","0","0","0","1","YES"
"The Jesus and Mary Chain","2","0","0","0","YES"
"The Jimi Hendrix Experience","2","0","0","0","YES"
"The Killers","13","0","0","12","YES"
"The Kingston Trio","1","0","0","0","YES"
"The Kinks","9","1","1","1","YES"
"The Knack","1","0","0","0","YES"
"The Mamas And The Papas","2","0","0","0","YES"
"The Meters","0","0","0","1","YES"
"The Mighty Mighty Bosstones","1","0","0","0","YES"
"The Monkees","2","1","1","1","YES"
"The Muppets","1","0","0","0","YES"
"The Outfield","1","0","0","0","YES"
"The Penguins","1","0","0","0","YES"
"The Police","9","1","1","12","YES"
"The Raconteurs","13","2","2","2","YES"
"The Ramones","16","59","59","111","YES"
"The Red Hot Chili Peppers","57","8","8","126","YES"
"The Rembrandts","2","0","0","0","YES"
"The Righteous Brothers","1","0","0","0","YES"
"The Rolling Stones","44","5","5","31","YES"
"The Ronettes","1","0","0","0","YES"
"The Searchers","1","0","0","1","YES"
"The Smashing Pumpkins","27","2","2","70","YES"
"The Specials","2","0","0","0","YES"
"The Stooges","2","1","1","1","YES"
"The Strokes","55","4","4","8","YES"
"The Supremes","1","1","1","1","YES"
"The Temptations","2","1","1","1","YES"
"The Tokens","1","0","0","0","YES"
"The Trammps","1","0","0","0","YES"
"The Traveling Wilburys","2","0","0","0","YES"
"The Troggs","1","0","0","0","YES"
"The Tubes","1","0","0","0","YES"
"The Undertones","1","4","4","7","YES"
"The Ventures","0","0","0","14","YES"
"The Verve Pipe","0","0","0","1","YES"
"The Wallflowers","1","0","0","0","YES"
"The Who","16","2","2","7","YES"
"The Zombies","2","1","1","1","YES"
"Tom Petty","10","0","0","1","YES"
"Tom Petty and the Heartbreakers","9","0","0","2","YES"
"Tragically Hip","4","3","3","5","YES"
"Van Halen","27","3","3","45","YES"
"Van Morrison","5","1","1","2","YES"
"Vance Joy","10","0","0","1","YES"
"Vanessa Carlton","1","0","0","0","YES"
"Velvet Underground","4","7","7","11","YES"
"Vince Gill","0","0","0","0","YES"
"Waylon Jennings","4","0","0","1","YES"
"Weird Al Yankovic","0","0","0","0","YES"
"Whitney Houston","2","0","0","1","YES"
"Wings","0","0","0","4","YES"
"Young MC","1","0","0","0","YES"
"Zac Brown Band","9","0","0","0","YES"
"ZZ Top","29","2","2","9","YES"
"OTHER ACTIVE ARTISTS (aggregate)","10721","0","0","0","NO"
"TOTAL ACTIVE BANK + PROPOSED","13025","317","317","2002","335 selected artists"
