Artist,Current Songs,Next Wave Qualified Additions,Songs After Qualified Wave If Released,Active Catalog Gain This Wave,Initial Candidate Songs,Still Awaiting Parse and QA,Skipped Already Current,Unavailable Sources,Held Chord or Transpose,Current Artist Present,New Artist in Qualified Wave,Qualified Song Titles,Wave Status,Wave ID,Git Branch,Baseline App Commit
3 Doors Down,9,0,9,0,6,5,1,0,0,Yes,0,,STAGED_NOT_RELEASED,GFB-V6.0-CATALOG-R03,build/gfb-v6.0-catalog-r03-2026-09-22,0bf10064a8597ab1ea29bc0515815956fea50e0b
38 Special,3,0,3,0,2,2,0,0,0,Yes,0,,STAGED_NOT_RELEASED,GFB-V6.0-CATALOG-R03,build/gfb-v6.0-catalog-r03-2026-09-22,0bf10064a8597ab1ea29bc0515815956fea50e0b
4 Non Blondes,1,0,1,0,0,0,0,0,0,Yes,0,,STAGED_NOT_RELEASED,GFB-V6.0-CATALOG-R03,build/gfb-v6.0-catalog-r03-2026-09-22,0bf10064a8597ab1ea29bc0515815956fea50e0b
A Flock of Seagulls,2,0,2,0,0,0,0,0,0,Yes,0,,STAGED_NOT_RELEASED,GFB-V6.0-CATALOG-R03,build/gfb-v6.0-catalog-r03-2026-09-22,0bf10064a8597ab1ea29bc0515815956fea50e0b
A-Ha,2,0,2,0,1,1,0,0,0,Yes,0,,STAGED_NOT_RELEASED,GFB-V6.0-CATALOG-R03,build/gfb-v6.0-catalog-r03-2026-09-22,0bf10064a8597ab1ea29bc0515815956fea50e0b
ABBA,23,0,23,0,4,4,0,0,0,Yes,0,,STAGED_NOT_RELEASED,GFB-V6.0-CATALOG-R03,build/gfb-v6.0-catalog-r03-2026-09-22,0bf10064a8597ab1ea29bc0515815956fea50e0b
AC|DC,63,0,63,0,36,36,0,0,0,Yes,0,,STAGED_NOT_RELEASED,GFB-V6.0-CATALOG-R03,build/gfb-v6.0-catalog-r03-2026-09-22,0bf10064a8597ab1ea29bc0515815956fea50e0b
Aimee Mann,1,0,1,0,0,0,0,0,0,Yes,0,,STAGED_NOT_RELEASED,GFB-V6.0-CATALOG-R03,build/gfb-v6.0-catalog-r03-2026-09-22,0bf10064a8597ab1ea29bc0515815956fea50e0b
Alanis Morissette,2,0,2,0,1,1,0,0,0,Yes,0,,STAGED_NOT_RELEASED,GFB-V6.0-CATALOG-R03,build/gfb-v6.0-catalog-r03-2026-09-22,0bf10064a8597ab1ea29bc0515815956fea50e0b
Alien Ant Farm,4,0,4,0,3,3,0,0,0,Yes,0,,STAGED_NOT_RELEASED,GFB-V6.0-CATALOG-R03,build/gfb-v6.0-catalog-r03-2026-09-22,0bf10064a8597ab1ea29bc0515815956fea50e0b
Alison Krauss,1,0,1,0,0,0,0,0,0,Yes,0,,STAGED_NOT_RELEASED,GFB-V6.0-CATALOG-R03,build/gfb-v6.0-catalog-r03-2026-09-22,0bf10064a8597ab1ea29bc0515815956fea50e0b
Allen Toussaint,0,0,0,0,0,0,0,0,0,No,0,,STAGED_NOT_RELEASED,GFB-V6.0-CATALOG-R03,build/gfb-v6.0-catalog-r03-2026-09-22,0bf10064a8597ab1ea29bc0515815956fea50e0b
Amy Winehouse,8,0,8,0,1,1,0,0,0,Yes,0,,STAGED_NOT_RELEASED,GFB-V6.0-CATALOG-R03,build/gfb-v6.0-catalog-r03-2026-09-22,0bf10064a8597ab1ea29bc0515815956fea50e0b
Archie Bell and the Drells,0,0,0,0,1,1,0,0,0,No,0,,STAGED_NOT_RELEASED,GFB-V6.0-CATALOG-R03,build/gfb-v6.0-catalog-r03-2026-09-22,0bf10064a8597ab1ea29bc0515815956fea50e0b
Arctic Monkeys,79,0,79,0,11,9,2,0,0,Yes,0,,STAGED_NOT_RELEASED,GFB-V6.0-CATALOG-R03,build/gfb-v6.0-catalog-r03-2026-09-22,0bf10064a8597ab1ea29bc0515815956fea50e0b
Aretha Franklin,4,0,4,0,0,0,0,0,0,Yes,0,,STAGED_NOT_RELEASED,GFB-V6.0-CATALOG-R03,build/gfb-v6.0-catalog-r03-2026-09-22,0bf10064a8597ab1ea29bc0515815956fea50e0b
Ariana Grande,24,0,24,0,9,6,3,0,0,Yes,0,,STAGED_NOT_RELEASED,GFB-V6.0-CATALOG-R03,build/gfb-v6.0-catalog-r03-2026-09-22,0bf10064a8597ab1ea29bc0515815956fea50e0b
Attila,13,0,13,0,0,0,0,0,0,Yes,0,,STAGED_NOT_RELEASED,GFB-V6.0-CATALOG-R03,build/gfb-v6.0-catalog-r03-2026-09-22,0bf10064a8597ab1ea29bc0515815956fea50e0b
Audioslave,11,0,11,0,6,6,0,0,0,Yes,0,,STAGED_NOT_RELEASED,GFB-V6.0-CATALOG-R03,build/gfb-v6.0-catalog-r03-2026-09-22,0bf10064a8597ab1ea29bc0515815956fea50e0b
Average White Band,0,0,0,0,1,1,0,0,0,No,0,,STAGED_NOT_RELEASED,GFB-V6.0-CATALOG-R03,build/gfb-v6.0-catalog-r03-2026-09-22,0bf10064a8597ab1ea29bc0515815956fea50e0b
Avril Lavigne,25,0,25,0,5,2,3,0,0,Yes,0,,STAGED_NOT_RELEASED,GFB-V6.0-CATALOG-R03,build/gfb-v6.0-catalog-r03-2026-09-22,0bf10064a8597ab1ea29bc0515815956fea50e0b
B.J. Thomas,2,0,2,0,0,0,0,0,0,Yes,0,,STAGED_NOT_RELEASED,GFB-V6.0-CATALOG-R03,build/gfb-v6.0-catalog-r03-2026-09-22,0bf10064a8597ab1ea29bc0515815956fea50e0b
Backstreet Boys,2,0,2,0,1,1,0,0,0,Yes,0,,STAGED_NOT_RELEASED,GFB-V6.0-CATALOG-R03,build/gfb-v6.0-catalog-r03-2026-09-22,0bf10064a8597ab1ea29bc0515815956fea50e0b
Bad Company,6,0,6,0,3,3,0,0,0,Yes,0,,STAGED_NOT_RELEASED,GFB-V6.0-CATALOG-R03,build/gfb-v6.0-catalog-r03-2026-09-22,0bf10064a8597ab1ea29bc0515815956fea50e0b
Barenaked Ladies,1,0,1,0,7,5,1,1,0,Yes,0,,STAGED_NOT_RELEASED,GFB-V6.0-CATALOG-R03,build/gfb-v6.0-catalog-r03-2026-09-22,0bf10064a8597ab1ea29bc0515815956fea50e0b
Beastie Boys,5,0,5,0,2,2,0,0,0,Yes,0,,STAGED_NOT_RELEASED,GFB-V6.0-CATALOG-R03,build/gfb-v6.0-catalog-r03-2026-09-22,0bf10064a8597ab1ea29bc0515815956fea50e0b
Ben Folds Five,0,0,0,0,1,1,0,0,0,No,0,,STAGED_NOT_RELEASED,GFB-V6.0-CATALOG-R03,build/gfb-v6.0-catalog-r03-2026-09-22,0bf10064a8597ab1ea29bc0515815956fea50e0b
Bill Withers,5,0,5,0,1,1,0,0,0,Yes,0,,STAGED_NOT_RELEASED,GFB-V6.0-CATALOG-R03,build/gfb-v6.0-catalog-r03-2026-09-22,0bf10064a8597ab1ea29bc0515815956fea50e0b
Billie Joe Armstrong,2,0,2,0,0,0,0,0,0,Yes,0,,STAGED_NOT_RELEASED,GFB-V6.0-CATALOG-R03,build/gfb-v6.0-catalog-r03-2026-09-22,0bf10064a8597ab1ea29bc0515815956fea50e0b
Billy Idol,4,0,4,0,2,2,0,0,0,Yes,0,,STAGED_NOT_RELEASED,GFB-V6.0-CATALOG-R03,build/gfb-v6.0-catalog-r03-2026-09-22,0bf10064a8597ab1ea29bc0515815956fea50e0b
Billy Joel,13,0,13,0,3,3,0,0,0,Yes,0,,STAGED_NOT_RELEASED,GFB-V6.0-CATALOG-R03,build/gfb-v6.0-catalog-r03-2026-09-22,0bf10064a8597ab1ea29bc0515815956fea50e0b
Billy Squier,2,0,2,0,1,1,0,0,0,Yes,0,,STAGED_NOT_RELEASED,GFB-V6.0-CATALOG-R03,build/gfb-v6.0-catalog-r03-2026-09-22,0bf10064a8597ab1ea29bc0515815956fea50e0b
Blondie,6,0,6,0,0,0,0,0,0,Yes,0,,STAGED_NOT_RELEASED,GFB-V6.0-CATALOG-R03,build/gfb-v6.0-catalog-r03-2026-09-22,0bf10064a8597ab1ea29bc0515815956fea50e0b
Blue Oyster Cult,0,0,0,0,3,3,0,0,0,No,0,,STAGED_NOT_RELEASED,GFB-V6.0-CATALOG-R03,build/gfb-v6.0-catalog-r03-2026-09-22,0bf10064a8597ab1ea29bc0515815956fea50e0b
Blues Traveler,2,0,2,0,0,0,0,0,0,Yes,0,,STAGED_NOT_RELEASED,GFB-V6.0-CATALOG-R03,build/gfb-v6.0-catalog-r03-2026-09-22,0bf10064a8597ab1ea29bc0515815956fea50e0b
Bob Dylan,28,1,29,0,4,0,0,0,3,Yes,0,subterranean homesick blues,STAGED_NOT_RELEASED,GFB-V6.0-CATALOG-R03,build/gfb-v6.0-catalog-r03-2026-09-22,0bf10064a8597ab1ea29bc0515815956fea50e0b
Bob Marley,4,0,4,0,10,6,4,0,0,Yes,0,,STAGED_NOT_RELEASED,GFB-V6.0-CATALOG-R03,build/gfb-v6.0-catalog-r03-2026-09-22,0bf10064a8597ab1ea29bc0515815956fea50e0b
Bob Seger,1,0,1,0,1,0,1,0,0,Yes,0,,STAGED_NOT_RELEASED,GFB-V6.0-CATALOG-R03,build/gfb-v6.0-catalog-r03-2026-09-22,0bf10064a8597ab1ea29bc0515815956fea50e0b
Bon Jovi,17,0,17,0,28,25,2,1,0,Yes,0,,STAGED_NOT_RELEASED,GFB-V6.0-CATALOG-R03,build/gfb-v6.0-catalog-r03-2026-09-22,0bf10064a8597ab1ea29bc0515815956fea50e0b
Bonnie Raitt,2,0,2,0,0,0,0,0,0,Yes,0,,STAGED_NOT_RELEASED,GFB-V6.0-CATALOG-R03,build/gfb-v6.0-catalog-r03-2026-09-22,0bf10064a8597ab1ea29bc0515815956fea50e0b
Bonnie Tyler,3,0,3,0,0,0,0,0,0,Yes,0,,STAGED_NOT_RELEASED,GFB-V6.0-CATALOG-R03,build/gfb-v6.0-catalog-r03-2026-09-22,0bf10064a8597ab1ea29bc0515815956fea50e0b
Booker T The M G S,0,0,0,0,1,0,1,0,0,No,0,,STAGED_NOT_RELEASED,GFB-V6.0-CATALOG-R03,build/gfb-v6.0-catalog-r03-2026-09-22,0bf10064a8597ab1ea29bc0515815956fea50e0b
Boston,12,0,12,0,1,1,0,0,0,Yes,0,,STAGED_NOT_RELEASED,GFB-V6.0-CATALOG-R03,build/gfb-v6.0-catalog-r03-2026-09-22,0bf10064a8597ab1ea29bc0515815956fea50e0b
Brad Paisley,2,0,2,0,2,2,0,0,0,Yes,0,,STAGED_NOT_RELEASED,GFB-V6.0-CATALOG-R03,build/gfb-v6.0-catalog-r03-2026-09-22,0bf10064a8597ab1ea29bc0515815956fea50e0b
Brandi Carlile,1,0,1,0,1,0,1,0,0,Yes,0,,STAGED_NOT_RELEASED,GFB-V6.0-CATALOG-R03,build/gfb-v6.0-catalog-r03-2026-09-22,0bf10064a8597ab1ea29bc0515815956fea50e0b
Bread,6,0,6,0,1,1,0,0,0,Yes,0,,STAGED_NOT_RELEASED,GFB-V6.0-CATALOG-R03,build/gfb-v6.0-catalog-r03-2026-09-22,0bf10064a8597ab1ea29bc0515815956fea50e0b
Brian Setzer,0,0,0,0,0,0,0,0,0,No,0,,STAGED_NOT_RELEASED,GFB-V6.0-CATALOG-R03,build/gfb-v6.0-catalog-r03-2026-09-22,0bf10064a8597ab1ea29bc0515815956fea50e0b
Bruce Hornsby,1,0,1,0,0,0,0,0,0,Yes,0,,STAGED_NOT_RELEASED,GFB-V6.0-CATALOG-R03,build/gfb-v6.0-catalog-r03-2026-09-22,0bf10064a8597ab1ea29bc0515815956fea50e0b
Bruce Springsteen,15,0,15,0,2,2,0,0,0,Yes,0,,STAGED_NOT_RELEASED,GFB-V6.0-CATALOG-R03,build/gfb-v6.0-catalog-r03-2026-09-22,0bf10064a8597ab1ea29bc0515815956fea50e0b
Bryan Adams,9,0,9,0,3,2,1,0,0,Yes,0,,STAGED_NOT_RELEASED,GFB-V6.0-CATALOG-R03,build/gfb-v6.0-catalog-r03-2026-09-22,0bf10064a8597ab1ea29bc0515815956fea50e0b
Buck Owens,0,0,0,0,1,1,0,0,0,No,0,,STAGED_NOT_RELEASED,GFB-V6.0-CATALOG-R03,build/gfb-v6.0-catalog-r03-2026-09-22,0bf10064a8597ab1ea29bc0515815956fea50e0b
Buddy Guy,1,0,1,0,3,3,0,0,0,Yes,0,,STAGED_NOT_RELEASED,GFB-V6.0-CATALOG-R03,build/gfb-v6.0-catalog-r03-2026-09-22,0bf10064a8597ab1ea29bc0515815956fea50e0b
Buddy Holly,19,0,19,0,0,0,0,0,0,Yes,0,,STAGED_NOT_RELEASED,GFB-V6.0-CATALOG-R03,build/gfb-v6.0-catalog-r03-2026-09-22,0bf10064a8597ab1ea29bc0515815956fea50e0b
Buena Vista Social Club,0,0,0,0,5,5,0,0,0,No,0,,STAGED_NOT_RELEASED,GFB-V6.0-CATALOG-R03,build/gfb-v6.0-catalog-r03-2026-09-22,0bf10064a8597ab1ea29bc0515815956fea50e0b
Buffalo Springfield,1,0,1,0,0,0,0,0,0,Yes,0,,STAGED_NOT_RELEASED,GFB-V6.0-CATALOG-R03,build/gfb-v6.0-catalog-r03-2026-09-22,0bf10064a8597ab1ea29bc0515815956fea50e0b
Buggles,1,0,1,0,0,0,0,0,0,Yes,0,,STAGED_NOT_RELEASED,GFB-V6.0-CATALOG-R03,build/gfb-v6.0-catalog-r03-2026-09-22,0bf10064a8597ab1ea29bc0515815956fea50e0b
Bush,5,0,5,0,4,4,0,0,0,Yes,0,,STAGED_NOT_RELEASED,GFB-V6.0-CATALOG-R03,build/gfb-v6.0-catalog-r03-2026-09-22,0bf10064a8597ab1ea29bc0515815956fea50e0b
Butthole Surfers,0,0,0,0,1,1,0,0,0,No,0,,STAGED_NOT_RELEASED,GFB-V6.0-CATALOG-R03,build/gfb-v6.0-catalog-r03-2026-09-22,0bf10064a8597ab1ea29bc0515815956fea50e0b
Cage The Elephant,26,0,26,0,4,4,0,0,0,Yes,0,,STAGED_NOT_RELEASED,GFB-V6.0-CATALOG-R03,build/gfb-v6.0-catalog-r03-2026-09-22,0bf10064a8597ab1ea29bc0515815956fea50e0b
Cake,4,0,4,0,5,5,0,0,0,Yes,0,,STAGED_NOT_RELEASED,GFB-V6.0-CATALOG-R03,build/gfb-v6.0-catalog-r03-2026-09-22,0bf10064a8597ab1ea29bc0515815956fea50e0b
Carole King,1,0,1,0,1,1,0,0,0,Yes,0,,STAGED_NOT_RELEASED,GFB-V6.0-CATALOG-R03,build/gfb-v6.0-catalog-r03-2026-09-22,0bf10064a8597ab1ea29bc0515815956fea50e0b
Cat Stevens,10,0,10,0,8,8,0,0,0,Yes,0,,STAGED_NOT_RELEASED,GFB-V6.0-CATALOG-R03,build/gfb-v6.0-catalog-r03-2026-09-22,0bf10064a8597ab1ea29bc0515815956fea50e0b
Champs,1,0,1,0,10,10,0,0,0,Yes,0,,STAGED_NOT_RELEASED,GFB-V6.0-CATALOG-R03,build/gfb-v6.0-catalog-r03-2026-09-22,0bf10064a8597ab1ea29bc0515815956fea50e0b
Cheap Trick,3,0,3,0,1,1,0,0,0,Yes,0,,STAGED_NOT_RELEASED,GFB-V6.0-CATALOG-R03,build/gfb-v6.0-catalog-r03-2026-09-22,0bf10064a8597ab1ea29bc0515815956fea50e0b
Chet Atkins,0,0,0,0,13,13,0,0,0,No,0,,STAGED_NOT_RELEASED,GFB-V6.0-CATALOG-R03,build/gfb-v6.0-catalog-r03-2026-09-22,0bf10064a8597ab1ea29bc0515815956fea50e0b
Chic,1,0,1,0,2,2,0,0,0,Yes,0,,STAGED_NOT_RELEASED,GFB-V6.0-CATALOG-R03,build/gfb-v6.0-catalog-r03-2026-09-22,0bf10064a8597ab1ea29bc0515815956fea50e0b
Chicago,3,0,3,0,2,2,0,0,0,Yes,0,,STAGED_NOT_RELEASED,GFB-V6.0-CATALOG-R03,build/gfb-v6.0-catalog-r03-2026-09-22,0bf10064a8597ab1ea29bc0515815956fea50e0b
Chris De Burgh,0,0,0,0,1,1,0,0,0,No,0,,STAGED_NOT_RELEASED,GFB-V6.0-CATALOG-R03,build/gfb-v6.0-catalog-r03-2026-09-22,0bf10064a8597ab1ea29bc0515815956fea50e0b
Chris Isaak,1,0,1,0,2,2,0,0,0,Yes,0,,STAGED_NOT_RELEASED,GFB-V6.0-CATALOG-R03,build/gfb-v6.0-catalog-r03-2026-09-22,0bf10064a8597ab1ea29bc0515815956fea50e0b
Chris Stapleton,14,0,14,0,9,7,2,0,0,Yes,0,,STAGED_NOT_RELEASED,GFB-V6.0-CATALOG-R03,build/gfb-v6.0-catalog-r03-2026-09-22,0bf10064a8597ab1ea29bc0515815956fea50e0b
Christmas,0,0,0,0,3,3,0,0,0,No,0,,STAGED_NOT_RELEASED,GFB-V6.0-CATALOG-R03,build/gfb-v6.0-catalog-r03-2026-09-22,0bf10064a8597ab1ea29bc0515815956fea50e0b
Christopher Cross,2,0,2,0,0,0,0,0,0,Yes,0,,STAGED_NOT_RELEASED,GFB-V6.0-CATALOG-R03,build/gfb-v6.0-catalog-r03-2026-09-22,0bf10064a8597ab1ea29bc0515815956fea50e0b
Christy Moore,0,0,0,0,1,1,0,0,0,No,0,,STAGED_NOT_RELEASED,GFB-V6.0-CATALOG-R03,build/gfb-v6.0-catalog-r03-2026-09-22,0bf10064a8597ab1ea29bc0515815956fea50e0b
Chubby Checker,1,0,1,0,0,0,0,0,0,Yes,0,,STAGED_NOT_RELEASED,GFB-V6.0-CATALOG-R03,build/gfb-v6.0-catalog-r03-2026-09-22,0bf10064a8597ab1ea29bc0515815956fea50e0b
Chuck Berry,7,0,7,0,1,1,0,0,0,Yes,0,,STAGED_NOT_RELEASED,GFB-V6.0-CATALOG-R03,build/gfb-v6.0-catalog-r03-2026-09-22,0bf10064a8597ab1ea29bc0515815956fea50e0b
Cindy Lauper,0,0,0,0,0,0,0,0,0,No,0,,STAGED_NOT_RELEASED,GFB-V6.0-CATALOG-R03,build/gfb-v6.0-catalog-r03-2026-09-22,0bf10064a8597ab1ea29bc0515815956fea50e0b
Coldplay,32,0,32,0,21,20,1,0,0,Yes,0,,STAGED_NOT_RELEASED,GFB-V6.0-CATALOG-R03,build/gfb-v6.0-catalog-r03-2026-09-22,0bf10064a8597ab1ea29bc0515815956fea50e0b
Cole Porter,0,0,0,0,0,0,0,0,0,No,0,,STAGED_NOT_RELEASED,GFB-V6.0-CATALOG-R03,build/gfb-v6.0-catalog-r03-2026-09-22,0bf10064a8597ab1ea29bc0515815956fea50e0b
Collective Soul,5,0,5,0,11,11,0,0,0,Yes,0,,STAGED_NOT_RELEASED,GFB-V6.0-CATALOG-R03,build/gfb-v6.0-catalog-r03-2026-09-22,0bf10064a8597ab1ea29bc0515815956fea50e0b
Corey Hart,1,0,1,0,0,0,0,0,0,Yes,0,,STAGED_NOT_RELEASED,GFB-V6.0-CATALOG-R03,build/gfb-v6.0-catalog-r03-2026-09-22,0bf10064a8597ab1ea29bc0515815956fea50e0b
Corinne Bailey Rae,3,0,3,0,0,0,0,0,0,Yes,0,,STAGED_NOT_RELEASED,GFB-V6.0-CATALOG-R03,build/gfb-v6.0-catalog-r03-2026-09-22,0bf10064a8597ab1ea29bc0515815956fea50e0b
Counting Crows,4,0,4,0,1,1,0,0,0,Yes,0,,STAGED_NOT_RELEASED,GFB-V6.0-CATALOG-R03,build/gfb-v6.0-catalog-r03-2026-09-22,0bf10064a8597ab1ea29bc0515815956fea50e0b
Coverdale & Page,0,0,0,0,1,1,0,0,0,No,0,,STAGED_NOT_RELEASED,GFB-V6.0-CATALOG-R03,build/gfb-v6.0-catalog-r03-2026-09-22,0bf10064a8597ab1ea29bc0515815956fea50e0b
Crash Test Dummies,1,0,1,0,0,0,0,0,0,Yes,0,,STAGED_NOT_RELEASED,GFB-V6.0-CATALOG-R03,build/gfb-v6.0-catalog-r03-2026-09-22,0bf10064a8597ab1ea29bc0515815956fea50e0b
Creedance Clearwater Revival,1,0,1,0,24,3,21,0,0,Yes,0,,STAGED_NOT_RELEASED,GFB-V6.0-CATALOG-R03,build/gfb-v6.0-catalog-r03-2026-09-22,0bf10064a8597ab1ea29bc0515815956fea50e0b
Crosby Stills Nash,0,0,0,0,5,0,5,0,0,No,0,,STAGED_NOT_RELEASED,GFB-V6.0-CATALOG-R03,build/gfb-v6.0-catalog-r03-2026-09-22,0bf10064a8597ab1ea29bc0515815956fea50e0b
Crosby Stills Nash Young,0,0,0,0,8,3,5,0,0,No,0,,STAGED_NOT_RELEASED,GFB-V6.0-CATALOG-R03,build/gfb-v6.0-catalog-r03-2026-09-22,0bf10064a8597ab1ea29bc0515815956fea50e0b
Crowded House,4,0,4,0,1,1,0,0,0,Yes,0,,STAGED_NOT_RELEASED,GFB-V6.0-CATALOG-R03,build/gfb-v6.0-catalog-r03-2026-09-22,0bf10064a8597ab1ea29bc0515815956fea50e0b
Culture Club,1,0,1,0,0,0,0,0,0,Yes,0,,STAGED_NOT_RELEASED,GFB-V6.0-CATALOG-R03,build/gfb-v6.0-catalog-r03-2026-09-22,0bf10064a8597ab1ea29bc0515815956fea50e0b
Curtis Mayfield,1,0,1,0,0,0,0,0,0,Yes,0,,STAGED_NOT_RELEASED,GFB-V6.0-CATALOG-R03,build/gfb-v6.0-catalog-r03-2026-09-22,0bf10064a8597ab1ea29bc0515815956fea50e0b
Cyndi Lauper,4,0,4,0,0,0,0,0,0,Yes,0,,STAGED_NOT_RELEASED,GFB-V6.0-CATALOG-R03,build/gfb-v6.0-catalog-r03-2026-09-22,0bf10064a8597ab1ea29bc0515815956fea50e0b
Dave Matthews,0,0,0,0,23,22,1,0,0,No,0,,STAGED_NOT_RELEASED,GFB-V6.0-CATALOG-R03,build/gfb-v6.0-catalog-r03-2026-09-22,0bf10064a8597ab1ea29bc0515815956fea50e0b
Deep Purple,10,0,10,0,46,46,0,0,0,Yes,0,,STAGED_NOT_RELEASED,GFB-V6.0-CATALOG-R03,build/gfb-v6.0-catalog-r03-2026-09-22,0bf10064a8597ab1ea29bc0515815956fea50e0b
Def Leppard,15,0,15,0,11,11,0,0,0,Yes,0,,STAGED_NOT_RELEASED,GFB-V6.0-CATALOG-R03,build/gfb-v6.0-catalog-r03-2026-09-22,0bf10064a8597ab1ea29bc0515815956fea50e0b
Del Amitri,1,0,1,0,0,0,0,0,0,Yes,0,,STAGED_NOT_RELEASED,GFB-V6.0-CATALOG-R03,build/gfb-v6.0-catalog-r03-2026-09-22,0bf10064a8597ab1ea29bc0515815956fea50e0b
Del Shannon,1,0,1,0,1,1,0,0,0,Yes,0,,STAGED_NOT_RELEASED,GFB-V6.0-CATALOG-R03,build/gfb-v6.0-catalog-r03-2026-09-22,0bf10064a8597ab1ea29bc0515815956fea50e0b
Depeche Mode,6,0,6,0,18,18,0,0,0,Yes,0,,STAGED_NOT_RELEASED,GFB-V6.0-CATALOG-R03,build/gfb-v6.0-catalog-r03-2026-09-22,0bf10064a8597ab1ea29bc0515815956fea50e0b
Derek and the Dominos,1,0,1,0,3,2,1,0,0,Yes,0,,STAGED_NOT_RELEASED,GFB-V6.0-CATALOG-R03,build/gfb-v6.0-catalog-r03-2026-09-22,0bf10064a8597ab1ea29bc0515815956fea50e0b
Devo,2,0,2,0,0,0,0,0,0,Yes,0,,STAGED_NOT_RELEASED,GFB-V6.0-CATALOG-R03,build/gfb-v6.0-catalog-r03-2026-09-22,0bf10064a8597ab1ea29bc0515815956fea50e0b
Dexys Midnigth Runners,1,0,1,0,0,0,0,0,0,Yes,0,,STAGED_NOT_RELEASED,GFB-V6.0-CATALOG-R03,build/gfb-v6.0-catalog-r03-2026-09-22,0bf10064a8597ab1ea29bc0515815956fea50e0b
Diana Ross,0,0,0,0,1,1,0,0,0,No,0,,STAGED_NOT_RELEASED,GFB-V6.0-CATALOG-R03,build/gfb-v6.0-catalog-r03-2026-09-22,0bf10064a8597ab1ea29bc0515815956fea50e0b
Dick Dale,0,0,0,0,2,2,0,0,0,No,0,,STAGED_NOT_RELEASED,GFB-V6.0-CATALOG-R03,build/gfb-v6.0-catalog-r03-2026-09-22,0bf10064a8597ab1ea29bc0515815956fea50e0b
Dinosaur Jr.,1,0,1,0,0,0,0,0,0,Yes,0,,STAGED_NOT_RELEASED,GFB-V6.0-CATALOG-R03,build/gfb-v6.0-catalog-r03-2026-09-22,0bf10064a8597ab1ea29bc0515815956fea50e0b
Dion & The Belmonts,1,0,1,0,2,0,2,0,0,Yes,0,,STAGED_NOT_RELEASED,GFB-V6.0-CATALOG-R03,build/gfb-v6.0-catalog-r03-2026-09-22,0bf10064a8597ab1ea29bc0515815956fea50e0b
Dolly Parton,1,0,1,0,3,3,0,0,0,Yes,0,,STAGED_NOT_RELEASED,GFB-V6.0-CATALOG-R03,build/gfb-v6.0-catalog-r03-2026-09-22,0bf10064a8597ab1ea29bc0515815956fea50e0b
Don Henley,1,0,1,0,1,1,0,0,0,Yes,0,,STAGED_NOT_RELEASED,GFB-V6.0-CATALOG-R03,build/gfb-v6.0-catalog-r03-2026-09-22,0bf10064a8597ab1ea29bc0515815956fea50e0b
Dropkick Murphys,2,0,2,0,1,1,0,0,0,Yes,0,,STAGED_NOT_RELEASED,GFB-V6.0-CATALOG-R03,build/gfb-v6.0-catalog-r03-2026-09-22,0bf10064a8597ab1ea29bc0515815956fea50e0b
Earth Wind Fire,0,0,0,0,4,1,3,0,0,No,0,,STAGED_NOT_RELEASED,GFB-V6.0-CATALOG-R03,build/gfb-v6.0-catalog-r03-2026-09-22,0bf10064a8597ab1ea29bc0515815956fea50e0b
Echo And The Bunnymen,2,0,2,0,1,1,0,0,0,Yes,0,,STAGED_NOT_RELEASED,GFB-V6.0-CATALOG-R03,build/gfb-v6.0-catalog-r03-2026-09-22,0bf10064a8597ab1ea29bc0515815956fea50e0b
Eddie Money,1,0,1,0,2,2,0,0,0,Yes,0,,STAGED_NOT_RELEASED,GFB-V6.0-CATALOG-R03,build/gfb-v6.0-catalog-r03-2026-09-22,0bf10064a8597ab1ea29bc0515815956fea50e0b
Elton John,17,0,17,0,5,5,0,0,0,Yes,0,,STAGED_NOT_RELEASED,GFB-V6.0-CATALOG-R03,build/gfb-v6.0-catalog-r03-2026-09-22,0bf10064a8597ab1ea29bc0515815956fea50e0b
Elvis Costello,1,0,1,0,1,0,1,0,0,Yes,0,,STAGED_NOT_RELEASED,GFB-V6.0-CATALOG-R03,build/gfb-v6.0-catalog-r03-2026-09-22,0bf10064a8597ab1ea29bc0515815956fea50e0b
Elvis Presley,23,0,23,0,5,5,0,0,0,Yes,0,,STAGED_NOT_RELEASED,GFB-V6.0-CATALOG-R03,build/gfb-v6.0-catalog-r03-2026-09-22,0bf10064a8597ab1ea29bc0515815956fea50e0b
"Emerson, Lake & Palmer",2,0,2,0,1,1,0,0,0,Yes,0,,STAGED_NOT_RELEASED,GFB-V6.0-CATALOG-R03,build/gfb-v6.0-catalog-r03-2026-09-22,0bf10064a8597ab1ea29bc0515815956fea50e0b
Eminem,14,0,14,0,14,12,2,0,0,Yes,0,,STAGED_NOT_RELEASED,GFB-V6.0-CATALOG-R03,build/gfb-v6.0-catalog-r03-2026-09-22,0bf10064a8597ab1ea29bc0515815956fea50e0b
Eric Clapton,22,0,22,0,7,7,0,0,0,Yes,0,,STAGED_NOT_RELEASED,GFB-V6.0-CATALOG-R03,build/gfb-v6.0-catalog-r03-2026-09-22,0bf10064a8597ab1ea29bc0515815956fea50e0b
Eurythmics,2,0,2,0,1,1,0,0,0,Yes,0,,STAGED_NOT_RELEASED,GFB-V6.0-CATALOG-R03,build/gfb-v6.0-catalog-r03-2026-09-22,0bf10064a8597ab1ea29bc0515815956fea50e0b
Everything But The Girl,0,0,0,0,1,0,1,0,0,No,0,,STAGED_NOT_RELEASED,GFB-V6.0-CATALOG-R03,build/gfb-v6.0-catalog-r03-2026-09-22,0bf10064a8597ab1ea29bc0515815956fea50e0b
Fitz And The Tantrum,1,0,1,0,1,1,0,0,0,Yes,0,,STAGED_NOT_RELEASED,GFB-V6.0-CATALOG-R03,build/gfb-v6.0-catalog-r03-2026-09-22,0bf10064a8597ab1ea29bc0515815956fea50e0b
Fleetwood Mac,14,0,14,0,18,16,2,0,0,Yes,0,,STAGED_NOT_RELEASED,GFB-V6.0-CATALOG-R03,build/gfb-v6.0-catalog-r03-2026-09-22,0bf10064a8597ab1ea29bc0515815956fea50e0b
Foreigner,9,0,9,0,2,2,0,0,0,Yes,0,,STAGED_NOT_RELEASED,GFB-V6.0-CATALOG-R03,build/gfb-v6.0-catalog-r03-2026-09-22,0bf10064a8597ab1ea29bc0515815956fea50e0b
Frank Sinatra,6,0,6,0,3,2,1,0,0,Yes,0,,STAGED_NOT_RELEASED,GFB-V6.0-CATALOG-R03,build/gfb-v6.0-catalog-r03-2026-09-22,0bf10064a8597ab1ea29bc0515815956fea50e0b
Frank Zappa,2,0,2,0,3,3,0,0,0,Yes,0,,STAGED_NOT_RELEASED,GFB-V6.0-CATALOG-R03,build/gfb-v6.0-catalog-r03-2026-09-22,0bf10064a8597ab1ea29bc0515815956fea50e0b
Frankie Valli,0,0,0,0,1,0,1,0,0,No,0,,STAGED_NOT_RELEASED,GFB-V6.0-CATALOG-R03,build/gfb-v6.0-catalog-r03-2026-09-22,0bf10064a8597ab1ea29bc0515815956fea50e0b
George Michael,3,0,3,0,1,1,0,0,0,Yes,0,,STAGED_NOT_RELEASED,GFB-V6.0-CATALOG-R03,build/gfb-v6.0-catalog-r03-2026-09-22,0bf10064a8597ab1ea29bc0515815956fea50e0b
George Thorogood,0,0,0,0,1,1,0,0,0,No,0,,STAGED_NOT_RELEASED,GFB-V6.0-CATALOG-R03,build/gfb-v6.0-catalog-r03-2026-09-22,0bf10064a8597ab1ea29bc0515815956fea50e0b
Glenn Campbell,0,0,0,0,0,0,0,0,0,No,0,,STAGED_NOT_RELEASED,GFB-V6.0-CATALOG-R03,build/gfb-v6.0-catalog-r03-2026-09-22,0bf10064a8597ab1ea29bc0515815956fea50e0b
Gordon Lightfoot,4,0,4,0,0,0,0,0,0,Yes,0,,STAGED_NOT_RELEASED,GFB-V6.0-CATALOG-R03,build/gfb-v6.0-catalog-r03-2026-09-22,0bf10064a8597ab1ea29bc0515815956fea50e0b
Gregg Allman,1,0,1,0,0,0,0,0,0,Yes,0,,STAGED_NOT_RELEASED,GFB-V6.0-CATALOG-R03,build/gfb-v6.0-catalog-r03-2026-09-22,0bf10064a8597ab1ea29bc0515815956fea50e0b
Guns N'Roses,31,0,31,0,59,59,0,0,0,Yes,0,,STAGED_NOT_RELEASED,GFB-V6.0-CATALOG-R03,build/gfb-v6.0-catalog-r03-2026-09-22,0bf10064a8597ab1ea29bc0515815956fea50e0b
Hall and Oates,4,0,4,0,3,2,1,0,0,Yes,0,,STAGED_NOT_RELEASED,GFB-V6.0-CATALOG-R03,build/gfb-v6.0-catalog-r03-2026-09-22,0bf10064a8597ab1ea29bc0515815956fea50e0b
Heart,4,0,4,0,4,4,0,0,0,Yes,0,,STAGED_NOT_RELEASED,GFB-V6.0-CATALOG-R03,build/gfb-v6.0-catalog-r03-2026-09-22,0bf10064a8597ab1ea29bc0515815956fea50e0b
Hole,3,0,3,0,1,1,0,0,0,Yes,0,,STAGED_NOT_RELEASED,GFB-V6.0-CATALOG-R03,build/gfb-v6.0-catalog-r03-2026-09-22,0bf10064a8597ab1ea29bc0515815956fea50e0b
Hootie The Blowfish,0,0,0,0,3,1,2,0,0,No,0,,STAGED_NOT_RELEASED,GFB-V6.0-CATALOG-R03,build/gfb-v6.0-catalog-r03-2026-09-22,0bf10064a8597ab1ea29bc0515815956fea50e0b
Huey Lewis & The News,1,0,1,0,3,3,0,0,0,Yes,0,,STAGED_NOT_RELEASED,GFB-V6.0-CATALOG-R03,build/gfb-v6.0-catalog-r03-2026-09-22,0bf10064a8597ab1ea29bc0515815956fea50e0b
Jackson Browne,3,0,3,0,1,1,0,0,0,Yes,0,,STAGED_NOT_RELEASED,GFB-V6.0-CATALOG-R03,build/gfb-v6.0-catalog-r03-2026-09-22,0bf10064a8597ab1ea29bc0515815956fea50e0b
Jane's Addiction,4,0,4,0,2,2,0,0,0,Yes,0,,STAGED_NOT_RELEASED,GFB-V6.0-CATALOG-R03,build/gfb-v6.0-catalog-r03-2026-09-22,0bf10064a8597ab1ea29bc0515815956fea50e0b
Jason Mraz,10,0,10,0,4,4,0,0,0,Yes,0,,STAGED_NOT_RELEASED,GFB-V6.0-CATALOG-R03,build/gfb-v6.0-catalog-r03-2026-09-22,0bf10064a8597ab1ea29bc0515815956fea50e0b
Jeff Beck,1,0,1,0,4,3,1,0,0,Yes,0,,STAGED_NOT_RELEASED,GFB-V6.0-CATALOG-R03,build/gfb-v6.0-catalog-r03-2026-09-22,0bf10064a8597ab1ea29bc0515815956fea50e0b
Jerry Lee Lewis,1,0,1,0,0,0,0,0,0,Yes,0,,STAGED_NOT_RELEASED,GFB-V6.0-CATALOG-R03,build/gfb-v6.0-catalog-r03-2026-09-22,0bf10064a8597ab1ea29bc0515815956fea50e0b
Jewel,1,0,1,0,3,2,0,1,0,Yes,0,,STAGED_NOT_RELEASED,GFB-V6.0-CATALOG-R03,build/gfb-v6.0-catalog-r03-2026-09-22,0bf10064a8597ab1ea29bc0515815956fea50e0b
Jimmy Buffett,3,0,3,0,2,1,1,0,0,Yes,0,,STAGED_NOT_RELEASED,GFB-V6.0-CATALOG-R03,build/gfb-v6.0-catalog-r03-2026-09-22,0bf10064a8597ab1ea29bc0515815956fea50e0b
Joan Jett & The Blackhearts,3,0,3,0,3,2,1,0,0,Yes,0,,STAGED_NOT_RELEASED,GFB-V6.0-CATALOG-R03,build/gfb-v6.0-catalog-r03-2026-09-22,0bf10064a8597ab1ea29bc0515815956fea50e0b
Joan Osborne,1,0,1,0,0,0,0,0,0,Yes,0,,STAGED_NOT_RELEASED,GFB-V6.0-CATALOG-R03,build/gfb-v6.0-catalog-r03-2026-09-22,0bf10064a8597ab1ea29bc0515815956fea50e0b
"Joao Gilberto, Astrud Gilberto Stan Getz",0,0,0,0,0,0,0,0,0,No,0,,STAGED_NOT_RELEASED,GFB-V6.0-CATALOG-R03,build/gfb-v6.0-catalog-r03-2026-09-22,0bf10064a8597ab1ea29bc0515815956fea50e0b
Joe Jackson,0,0,0,0,2,2,0,0,0,No,0,,STAGED_NOT_RELEASED,GFB-V6.0-CATALOG-R03,build/gfb-v6.0-catalog-r03-2026-09-22,0bf10064a8597ab1ea29bc0515815956fea50e0b
John Fogerty,1,0,1,0,2,2,0,0,0,Yes,0,,STAGED_NOT_RELEASED,GFB-V6.0-CATALOG-R03,build/gfb-v6.0-catalog-r03-2026-09-22,0bf10064a8597ab1ea29bc0515815956fea50e0b
John Lee Hooker,0,0,0,0,1,0,1,0,0,No,0,,STAGED_NOT_RELEASED,GFB-V6.0-CATALOG-R03,build/gfb-v6.0-catalog-r03-2026-09-22,0bf10064a8597ab1ea29bc0515815956fea50e0b
John Lennon,13,0,13,0,3,3,0,0,0,Yes,0,,STAGED_NOT_RELEASED,GFB-V6.0-CATALOG-R03,build/gfb-v6.0-catalog-r03-2026-09-22,0bf10064a8597ab1ea29bc0515815956fea50e0b
John Mayall The Bluesbreakers,0,0,0,0,3,2,1,0,0,No,0,,STAGED_NOT_RELEASED,GFB-V6.0-CATALOG-R03,build/gfb-v6.0-catalog-r03-2026-09-22,0bf10064a8597ab1ea29bc0515815956fea50e0b
John Mayer Trio,1,0,1,0,1,1,0,0,0,Yes,0,,STAGED_NOT_RELEASED,GFB-V6.0-CATALOG-R03,build/gfb-v6.0-catalog-r03-2026-09-22,0bf10064a8597ab1ea29bc0515815956fea50e0b
Johnny Cash,30,0,30,0,8,7,1,0,0,Yes,0,,STAGED_NOT_RELEASED,GFB-V6.0-CATALOG-R03,build/gfb-v6.0-catalog-r03-2026-09-22,0bf10064a8597ab1ea29bc0515815956fea50e0b
Johnny Lee Hooker,1,0,1,0,0,0,0,0,0,Yes,0,,STAGED_NOT_RELEASED,GFB-V6.0-CATALOG-R03,build/gfb-v6.0-catalog-r03-2026-09-22,0bf10064a8597ab1ea29bc0515815956fea50e0b
Josie And The Pussycats,0,0,0,0,2,2,0,0,0,No,0,,STAGED_NOT_RELEASED,GFB-V6.0-CATALOG-R03,build/gfb-v6.0-catalog-r03-2026-09-22,0bf10064a8597ab1ea29bc0515815956fea50e0b
Journey,12,0,12,0,3,3,0,0,0,Yes,0,,STAGED_NOT_RELEASED,GFB-V6.0-CATALOG-R03,build/gfb-v6.0-catalog-r03-2026-09-22,0bf10064a8597ab1ea29bc0515815956fea50e0b
Judy Collins,1,0,1,0,0,0,0,0,0,Yes,0,,STAGED_NOT_RELEASED,GFB-V6.0-CATALOG-R03,build/gfb-v6.0-catalog-r03-2026-09-22,0bf10064a8597ab1ea29bc0515815956fea50e0b
Juice Newton,0,0,0,0,1,1,0,0,0,No,0,,STAGED_NOT_RELEASED,GFB-V6.0-CATALOG-R03,build/gfb-v6.0-catalog-r03-2026-09-22,0bf10064a8597ab1ea29bc0515815956fea50e0b
Kate Bush,2,0,2,0,1,1,0,0,0,Yes,0,,STAGED_NOT_RELEASED,GFB-V6.0-CATALOG-R03,build/gfb-v6.0-catalog-r03-2026-09-22,0bf10064a8597ab1ea29bc0515815956fea50e0b
Katrina And The Waves,0,0,0,0,1,1,0,0,0,No,0,,STAGED_NOT_RELEASED,GFB-V6.0-CATALOG-R03,build/gfb-v6.0-catalog-r03-2026-09-22,0bf10064a8597ab1ea29bc0515815956fea50e0b
Keb' Mo',1,0,1,0,4,4,0,0,0,Yes,0,,STAGED_NOT_RELEASED,GFB-V6.0-CATALOG-R03,build/gfb-v6.0-catalog-r03-2026-09-22,0bf10064a8597ab1ea29bc0515815956fea50e0b
Keith Richards,0,0,0,0,0,0,0,0,0,No,0,,STAGED_NOT_RELEASED,GFB-V6.0-CATALOG-R03,build/gfb-v6.0-catalog-r03-2026-09-22,0bf10064a8597ab1ea29bc0515815956fea50e0b
Lady Gaga,10,0,10,0,11,9,2,0,0,Yes,0,,STAGED_NOT_RELEASED,GFB-V6.0-CATALOG-R03,build/gfb-v6.0-catalog-r03-2026-09-22,0bf10064a8597ab1ea29bc0515815956fea50e0b
Lana Del Ray,2,0,2,0,0,0,0,0,0,Yes,0,,STAGED_NOT_RELEASED,GFB-V6.0-CATALOG-R03,build/gfb-v6.0-catalog-r03-2026-09-22,0bf10064a8597ab1ea29bc0515815956fea50e0b
Led Zeppelin,40,0,40,0,46,43,0,3,0,Yes,0,,STAGED_NOT_RELEASED,GFB-V6.0-CATALOG-R03,build/gfb-v6.0-catalog-r03-2026-09-22,0bf10064a8597ab1ea29bc0515815956fea50e0b
Lenny Kravitz,10,0,10,0,2,0,2,0,0,Yes,0,,STAGED_NOT_RELEASED,GFB-V6.0-CATALOG-R03,build/gfb-v6.0-catalog-r03-2026-09-22,0bf10064a8597ab1ea29bc0515815956fea50e0b
Lenny Kravtiz,1,0,1,0,0,0,0,0,0,Yes,0,,STAGED_NOT_RELEASED,GFB-V6.0-CATALOG-R03,build/gfb-v6.0-catalog-r03-2026-09-22,0bf10064a8597ab1ea29bc0515815956fea50e0b
Linda Ronstadt,3,0,3,0,1,1,0,0,0,Yes,0,,STAGED_NOT_RELEASED,GFB-V6.0-CATALOG-R03,build/gfb-v6.0-catalog-r03-2026-09-22,0bf10064a8597ab1ea29bc0515815956fea50e0b
Lindsey Buckingham,1,0,1,0,0,0,0,0,0,Yes,0,,STAGED_NOT_RELEASED,GFB-V6.0-CATALOG-R03,build/gfb-v6.0-catalog-r03-2026-09-22,0bf10064a8597ab1ea29bc0515815956fea50e0b
Linkin Park,53,0,53,0,15,15,0,0,0,Yes,0,,STAGED_NOT_RELEASED,GFB-V6.0-CATALOG-R03,build/gfb-v6.0-catalog-r03-2026-09-22,0bf10064a8597ab1ea29bc0515815956fea50e0b
Lionel Richie,0,0,0,0,4,4,0,0,0,No,0,,STAGED_NOT_RELEASED,GFB-V6.0-CATALOG-R03,build/gfb-v6.0-catalog-r03-2026-09-22,0bf10064a8597ab1ea29bc0515815956fea50e0b
Lisa Loeb,1,0,1,0,0,0,0,0,0,Yes,0,,STAGED_NOT_RELEASED,GFB-V6.0-CATALOG-R03,build/gfb-v6.0-catalog-r03-2026-09-22,0bf10064a8597ab1ea29bc0515815956fea50e0b
Little Feat,1,0,1,0,0,0,0,0,0,Yes,0,,STAGED_NOT_RELEASED,GFB-V6.0-CATALOG-R03,build/gfb-v6.0-catalog-r03-2026-09-22,0bf10064a8597ab1ea29bc0515815956fea50e0b
Little Richard,0,0,0,0,1,1,0,0,0,No,0,,STAGED_NOT_RELEASED,GFB-V6.0-CATALOG-R03,build/gfb-v6.0-catalog-r03-2026-09-22,0bf10064a8597ab1ea29bc0515815956fea50e0b
Little River Band,0,0,0,0,1,1,0,0,0,No,0,,STAGED_NOT_RELEASED,GFB-V6.0-CATALOG-R03,build/gfb-v6.0-catalog-r03-2026-09-22,0bf10064a8597ab1ea29bc0515815956fea50e0b
Living Colour,1,0,1,0,2,2,0,0,0,Yes,0,,STAGED_NOT_RELEASED,GFB-V6.0-CATALOG-R03,build/gfb-v6.0-catalog-r03-2026-09-22,0bf10064a8597ab1ea29bc0515815956fea50e0b
Liz Phair,0,0,0,0,2,2,0,0,0,No,0,,STAGED_NOT_RELEASED,GFB-V6.0-CATALOG-R03,build/gfb-v6.0-catalog-r03-2026-09-22,0bf10064a8597ab1ea29bc0515815956fea50e0b
Loggins Kenny,0,0,0,0,2,2,0,0,0,No,0,,STAGED_NOT_RELEASED,GFB-V6.0-CATALOG-R03,build/gfb-v6.0-catalog-r03-2026-09-22,0bf10064a8597ab1ea29bc0515815956fea50e0b
Loggins Messina,0,0,0,0,1,0,1,0,0,No,0,,STAGED_NOT_RELEASED,GFB-V6.0-CATALOG-R03,build/gfb-v6.0-catalog-r03-2026-09-22,0bf10064a8597ab1ea29bc0515815956fea50e0b
Lonnie Johnson,1,0,1,0,0,0,0,0,0,Yes,0,,STAGED_NOT_RELEASED,GFB-V6.0-CATALOG-R03,build/gfb-v6.0-catalog-r03-2026-09-22,0bf10064a8597ab1ea29bc0515815956fea50e0b
Loretta Lynn,1,0,1,0,0,0,0,0,0,Yes,0,,STAGED_NOT_RELEASED,GFB-V6.0-CATALOG-R03,build/gfb-v6.0-catalog-r03-2026-09-22,0bf10064a8597ab1ea29bc0515815956fea50e0b
Louis Armstrong,2,0,2,0,0,0,0,0,0,Yes,0,,STAGED_NOT_RELEASED,GFB-V6.0-CATALOG-R03,build/gfb-v6.0-catalog-r03-2026-09-22,0bf10064a8597ab1ea29bc0515815956fea50e0b
Luther Vandross,0,0,0,0,1,1,0,0,0,No,0,,STAGED_NOT_RELEASED,GFB-V6.0-CATALOG-R03,build/gfb-v6.0-catalog-r03-2026-09-22,0bf10064a8597ab1ea29bc0515815956fea50e0b
Madness,2,0,2,0,2,2,0,0,0,Yes,0,,STAGED_NOT_RELEASED,GFB-V6.0-CATALOG-R03,build/gfb-v6.0-catalog-r03-2026-09-22,0bf10064a8597ab1ea29bc0515815956fea50e0b
Marianne Faithfull,0,0,0,0,1,1,0,0,0,No,0,,STAGED_NOT_RELEASED,GFB-V6.0-CATALOG-R03,build/gfb-v6.0-catalog-r03-2026-09-22,0bf10064a8597ab1ea29bc0515815956fea50e0b
Maroon 5,17,0,17,0,7,6,1,0,0,Yes,0,,STAGED_NOT_RELEASED,GFB-V6.0-CATALOG-R03,build/gfb-v6.0-catalog-r03-2026-09-22,0bf10064a8597ab1ea29bc0515815956fea50e0b
Martha And The Vandellas,0,0,0,0,1,1,0,0,0,No,0,,STAGED_NOT_RELEASED,GFB-V6.0-CATALOG-R03,build/gfb-v6.0-catalog-r03-2026-09-22,0bf10064a8597ab1ea29bc0515815956fea50e0b
Marvin Berry & the Starlighters,1,0,1,0,0,0,0,0,0,Yes,0,,STAGED_NOT_RELEASED,GFB-V6.0-CATALOG-R03,build/gfb-v6.0-catalog-r03-2026-09-22,0bf10064a8597ab1ea29bc0515815956fea50e0b
Marvin Gaye,2,0,2,0,2,1,1,0,0,Yes,0,,STAGED_NOT_RELEASED,GFB-V6.0-CATALOG-R03,build/gfb-v6.0-catalog-r03-2026-09-22,0bf10064a8597ab1ea29bc0515815956fea50e0b
Metallica,97,0,97,0,125,118,2,5,0,Yes,0,,STAGED_NOT_RELEASED,GFB-V6.0-CATALOG-R03,build/gfb-v6.0-catalog-r03-2026-09-22,0bf10064a8597ab1ea29bc0515815956fea50e0b
Michael Jackson,17,0,17,0,5,3,2,0,0,Yes,0,,STAGED_NOT_RELEASED,GFB-V6.0-CATALOG-R03,build/gfb-v6.0-catalog-r03-2026-09-22,0bf10064a8597ab1ea29bc0515815956fea50e0b
Mick Jagger,0,0,0,0,1,0,1,0,0,No,0,,STAGED_NOT_RELEASED,GFB-V6.0-CATALOG-R03,build/gfb-v6.0-catalog-r03-2026-09-22,0bf10064a8597ab1ea29bc0515815956fea50e0b
Mississippi John Hurt,2,0,2,0,19,18,1,0,0,Yes,0,,STAGED_NOT_RELEASED,GFB-V6.0-CATALOG-R03,build/gfb-v6.0-catalog-r03-2026-09-22,0bf10064a8597ab1ea29bc0515815956fea50e0b
Modern English,0,0,0,0,2,2,0,0,0,No,0,,STAGED_NOT_RELEASED,GFB-V6.0-CATALOG-R03,build/gfb-v6.0-catalog-r03-2026-09-22,0bf10064a8597ab1ea29bc0515815956fea50e0b
Monty Python,0,0,0,0,1,1,0,0,0,No,0,,STAGED_NOT_RELEASED,GFB-V6.0-CATALOG-R03,build/gfb-v6.0-catalog-r03-2026-09-22,0bf10064a8597ab1ea29bc0515815956fea50e0b
Motley Crue,0,0,0,0,22,22,0,0,0,No,0,,STAGED_NOT_RELEASED,GFB-V6.0-CATALOG-R03,build/gfb-v6.0-catalog-r03-2026-09-22,0bf10064a8597ab1ea29bc0515815956fea50e0b
Mott the Hoople,1,0,1,0,0,0,0,0,0,Yes,0,,STAGED_NOT_RELEASED,GFB-V6.0-CATALOG-R03,build/gfb-v6.0-catalog-r03-2026-09-22,0bf10064a8597ab1ea29bc0515815956fea50e0b
Mr Mister,0,0,0,0,1,1,0,0,0,No,0,,STAGED_NOT_RELEASED,GFB-V6.0-CATALOG-R03,build/gfb-v6.0-catalog-r03-2026-09-22,0bf10064a8597ab1ea29bc0515815956fea50e0b
Mudhoney,1,0,1,0,1,1,0,0,0,Yes,0,,STAGED_NOT_RELEASED,GFB-V6.0-CATALOG-R03,build/gfb-v6.0-catalog-r03-2026-09-22,0bf10064a8597ab1ea29bc0515815956fea50e0b
Neil Diamond,2,0,2,0,1,1,0,0,0,Yes,0,,STAGED_NOT_RELEASED,GFB-V6.0-CATALOG-R03,build/gfb-v6.0-catalog-r03-2026-09-22,0bf10064a8597ab1ea29bc0515815956fea50e0b
Neil Young,24,0,24,0,5,4,1,0,0,Yes,0,,STAGED_NOT_RELEASED,GFB-V6.0-CATALOG-R03,build/gfb-v6.0-catalog-r03-2026-09-22,0bf10064a8597ab1ea29bc0515815956fea50e0b
Neil Young & Crazy Horse,1,0,1,0,0,0,0,0,0,Yes,0,,STAGED_NOT_RELEASED,GFB-V6.0-CATALOG-R03,build/gfb-v6.0-catalog-r03-2026-09-22,0bf10064a8597ab1ea29bc0515815956fea50e0b
Nelly Furtado,1,0,1,0,0,0,0,0,0,Yes,0,,STAGED_NOT_RELEASED,GFB-V6.0-CATALOG-R03,build/gfb-v6.0-catalog-r03-2026-09-22,0bf10064a8597ab1ea29bc0515815956fea50e0b
New Order,2,0,2,0,1,1,0,0,0,Yes,0,,STAGED_NOT_RELEASED,GFB-V6.0-CATALOG-R03,build/gfb-v6.0-catalog-r03-2026-09-22,0bf10064a8597ab1ea29bc0515815956fea50e0b
New Radicals,1,0,1,0,0,0,0,0,0,Yes,0,,STAGED_NOT_RELEASED,GFB-V6.0-CATALOG-R03,build/gfb-v6.0-catalog-r03-2026-09-22,0bf10064a8597ab1ea29bc0515815956fea50e0b
Nick Lowe,0,0,0,0,1,1,0,0,0,No,0,,STAGED_NOT_RELEASED,GFB-V6.0-CATALOG-R03,build/gfb-v6.0-catalog-r03-2026-09-22,0bf10064a8597ab1ea29bc0515815956fea50e0b
Night Ranger,0,0,0,0,3,3,0,0,0,No,0,,STAGED_NOT_RELEASED,GFB-V6.0-CATALOG-R03,build/gfb-v6.0-catalog-r03-2026-09-22,0bf10064a8597ab1ea29bc0515815956fea50e0b
Nirvana,53,0,53,0,35,33,1,1,0,Yes,0,,STAGED_NOT_RELEASED,GFB-V6.0-CATALOG-R03,build/gfb-v6.0-catalog-r03-2026-09-22,0bf10064a8597ab1ea29bc0515815956fea50e0b
No Doubt,3,0,3,0,6,6,0,0,0,Yes,0,,STAGED_NOT_RELEASED,GFB-V6.0-CATALOG-R03,build/gfb-v6.0-catalog-r03-2026-09-22,0bf10064a8597ab1ea29bc0515815956fea50e0b
Noah Cyrus,0,0,0,0,2,2,0,0,0,No,0,,STAGED_NOT_RELEASED,GFB-V6.0-CATALOG-R03,build/gfb-v6.0-catalog-r03-2026-09-22,0bf10064a8597ab1ea29bc0515815956fea50e0b
Norah Jones,4,0,4,0,0,0,0,0,0,Yes,0,,STAGED_NOT_RELEASED,GFB-V6.0-CATALOG-R03,build/gfb-v6.0-catalog-r03-2026-09-22,0bf10064a8597ab1ea29bc0515815956fea50e0b
Oasis,23,0,23,0,40,38,1,1,0,Yes,0,,STAGED_NOT_RELEASED,GFB-V6.0-CATALOG-R03,build/gfb-v6.0-catalog-r03-2026-09-22,0bf10064a8597ab1ea29bc0515815956fea50e0b
Olivia Newton-John,1,0,1,0,0,0,0,0,0,Yes,0,,STAGED_NOT_RELEASED,GFB-V6.0-CATALOG-R03,build/gfb-v6.0-catalog-r03-2026-09-22,0bf10064a8597ab1ea29bc0515815956fea50e0b
Olivia Rodrigo,8,0,8,0,6,6,0,0,0,Yes,0,,STAGED_NOT_RELEASED,GFB-V6.0-CATALOG-R03,build/gfb-v6.0-catalog-r03-2026-09-22,0bf10064a8597ab1ea29bc0515815956fea50e0b
Otis Redding,2,0,2,0,1,1,0,0,0,Yes,0,,STAGED_NOT_RELEASED,GFB-V6.0-CATALOG-R03,build/gfb-v6.0-catalog-r03-2026-09-22,0bf10064a8597ab1ea29bc0515815956fea50e0b
Ozzy Osbourne,21,0,21,0,6,6,0,0,0,Yes,0,,STAGED_NOT_RELEASED,GFB-V6.0-CATALOG-R03,build/gfb-v6.0-catalog-r03-2026-09-22,0bf10064a8597ab1ea29bc0515815956fea50e0b
Pat Benatar,2,0,2,0,1,0,1,0,0,Yes,0,,STAGED_NOT_RELEASED,GFB-V6.0-CATALOG-R03,build/gfb-v6.0-catalog-r03-2026-09-22,0bf10064a8597ab1ea29bc0515815956fea50e0b
Paul McCartney,17,0,17,0,7,6,1,0,0,Yes,0,,STAGED_NOT_RELEASED,GFB-V6.0-CATALOG-R03,build/gfb-v6.0-catalog-r03-2026-09-22,0bf10064a8597ab1ea29bc0515815956fea50e0b
Paul McCartney & Wings,1,0,1,0,0,0,0,0,0,Yes,0,,STAGED_NOT_RELEASED,GFB-V6.0-CATALOG-R03,build/gfb-v6.0-catalog-r03-2026-09-22,0bf10064a8597ab1ea29bc0515815956fea50e0b
Pearl Jam,15,0,15,0,56,55,0,1,0,Yes,0,,STAGED_NOT_RELEASED,GFB-V6.0-CATALOG-R03,build/gfb-v6.0-catalog-r03-2026-09-22,0bf10064a8597ab1ea29bc0515815956fea50e0b
Pete Townshend,1,0,1,0,0,0,0,0,0,Yes,0,,STAGED_NOT_RELEASED,GFB-V6.0-CATALOG-R03,build/gfb-v6.0-catalog-r03-2026-09-22,0bf10064a8597ab1ea29bc0515815956fea50e0b
Peter Frampton,2,0,2,0,1,1,0,0,0,Yes,0,,STAGED_NOT_RELEASED,GFB-V6.0-CATALOG-R03,build/gfb-v6.0-catalog-r03-2026-09-22,0bf10064a8597ab1ea29bc0515815956fea50e0b
Peter Gabriel,3,0,3,0,2,2,0,0,0,Yes,0,,STAGED_NOT_RELEASED,GFB-V6.0-CATALOG-R03,build/gfb-v6.0-catalog-r03-2026-09-22,0bf10064a8597ab1ea29bc0515815956fea50e0b
Peter Tosh,0,0,0,0,0,0,0,0,0,No,0,,STAGED_NOT_RELEASED,GFB-V6.0-CATALOG-R03,build/gfb-v6.0-catalog-r03-2026-09-22,0bf10064a8597ab1ea29bc0515815956fea50e0b
Pink Floyd,59,0,59,0,71,69,0,2,0,Yes,0,,STAGED_NOT_RELEASED,GFB-V6.0-CATALOG-R03,build/gfb-v6.0-catalog-r03-2026-09-22,0bf10064a8597ab1ea29bc0515815956fea50e0b
Quuens Of The Stone Age,1,0,1,0,0,0,0,0,0,Yes,0,,STAGED_NOT_RELEASED,GFB-V6.0-CATALOG-R03,build/gfb-v6.0-catalog-r03-2026-09-22,0bf10064a8597ab1ea29bc0515815956fea50e0b
Rage Against The Machine,5,0,5,0,39,39,0,0,0,Yes,0,,STAGED_NOT_RELEASED,GFB-V6.0-CATALOG-R03,build/gfb-v6.0-catalog-r03-2026-09-22,0bf10064a8597ab1ea29bc0515815956fea50e0b
Ray Lamontagne,0,0,0,0,1,1,0,0,0,No,0,,STAGED_NOT_RELEASED,GFB-V6.0-CATALOG-R03,build/gfb-v6.0-catalog-r03-2026-09-22,0bf10064a8597ab1ea29bc0515815956fea50e0b
REO Speedwagon,4,0,4,0,2,2,0,0,0,Yes,0,,STAGED_NOT_RELEASED,GFB-V6.0-CATALOG-R03,build/gfb-v6.0-catalog-r03-2026-09-22,0bf10064a8597ab1ea29bc0515815956fea50e0b
Ricky Nelson,2,0,2,0,0,0,0,0,0,Yes,0,,STAGED_NOT_RELEASED,GFB-V6.0-CATALOG-R03,build/gfb-v6.0-catalog-r03-2026-09-22,0bf10064a8597ab1ea29bc0515815956fea50e0b
Ritchie Valens,2,0,2,0,1,1,0,0,0,Yes,0,,STAGED_NOT_RELEASED,GFB-V6.0-CATALOG-R03,build/gfb-v6.0-catalog-r03-2026-09-22,0bf10064a8597ab1ea29bc0515815956fea50e0b
Rollling Stones,0,0,0,0,0,0,0,0,0,No,0,,STAGED_NOT_RELEASED,GFB-V6.0-CATALOG-R03,build/gfb-v6.0-catalog-r03-2026-09-22,0bf10064a8597ab1ea29bc0515815956fea50e0b
Roy Clark,0,0,0,0,1,1,0,0,0,No,0,,STAGED_NOT_RELEASED,GFB-V6.0-CATALOG-R03,build/gfb-v6.0-catalog-r03-2026-09-22,0bf10064a8597ab1ea29bc0515815956fea50e0b
Roy Orbison,7,0,7,0,3,2,1,0,0,Yes,0,,STAGED_NOT_RELEASED,GFB-V6.0-CATALOG-R03,build/gfb-v6.0-catalog-r03-2026-09-22,0bf10064a8597ab1ea29bc0515815956fea50e0b
Rush,14,0,14,0,73,72,0,1,0,Yes,0,,STAGED_NOT_RELEASED,GFB-V6.0-CATALOG-R03,build/gfb-v6.0-catalog-r03-2026-09-22,0bf10064a8597ab1ea29bc0515815956fea50e0b
Silent Distortion,0,0,0,0,1,1,0,0,0,No,0,,STAGED_NOT_RELEASED,GFB-V6.0-CATALOG-R03,build/gfb-v6.0-catalog-r03-2026-09-22,0bf10064a8597ab1ea29bc0515815956fea50e0b
Simon and Garfunkel,15,0,15,0,5,5,0,0,0,Yes,0,,STAGED_NOT_RELEASED,GFB-V6.0-CATALOG-R03,build/gfb-v6.0-catalog-r03-2026-09-22,0bf10064a8597ab1ea29bc0515815956fea50e0b
Simple Minds,1,0,1,0,1,1,0,0,0,Yes,0,,STAGED_NOT_RELEASED,GFB-V6.0-CATALOG-R03,build/gfb-v6.0-catalog-r03-2026-09-22,0bf10064a8597ab1ea29bc0515815956fea50e0b
Smithereens,1,0,1,0,1,1,0,0,0,Yes,0,,STAGED_NOT_RELEASED,GFB-V6.0-CATALOG-R03,build/gfb-v6.0-catalog-r03-2026-09-22,0bf10064a8597ab1ea29bc0515815956fea50e0b
Social Distortion,8,0,8,0,1,1,0,0,0,Yes,0,,STAGED_NOT_RELEASED,GFB-V6.0-CATALOG-R03,build/gfb-v6.0-catalog-r03-2026-09-22,0bf10064a8597ab1ea29bc0515815956fea50e0b
Sonic Youth,2,0,2,0,2,2,0,0,0,Yes,0,,STAGED_NOT_RELEASED,GFB-V6.0-CATALOG-R03,build/gfb-v6.0-catalog-r03-2026-09-22,0bf10064a8597ab1ea29bc0515815956fea50e0b
Soundgarden,9,0,9,0,31,30,0,1,0,Yes,0,,STAGED_NOT_RELEASED,GFB-V6.0-CATALOG-R03,build/gfb-v6.0-catalog-r03-2026-09-22,0bf10064a8597ab1ea29bc0515815956fea50e0b
Spandau Ballet,1,0,1,0,1,1,0,0,0,Yes,0,,STAGED_NOT_RELEASED,GFB-V6.0-CATALOG-R03,build/gfb-v6.0-catalog-r03-2026-09-22,0bf10064a8597ab1ea29bc0515815956fea50e0b
Spongebob Squarepants,3,0,3,0,0,0,0,0,0,Yes,0,,STAGED_NOT_RELEASED,GFB-V6.0-CATALOG-R03,build/gfb-v6.0-catalog-r03-2026-09-22,0bf10064a8597ab1ea29bc0515815956fea50e0b
Steely Dan,5,0,5,0,7,6,1,0,0,Yes,0,,STAGED_NOT_RELEASED,GFB-V6.0-CATALOG-R03,build/gfb-v6.0-catalog-r03-2026-09-22,0bf10064a8597ab1ea29bc0515815956fea50e0b
Steve Miller,0,0,0,0,6,1,5,0,0,No,0,,STAGED_NOT_RELEASED,GFB-V6.0-CATALOG-R03,build/gfb-v6.0-catalog-r03-2026-09-22,0bf10064a8597ab1ea29bc0515815956fea50e0b
Steve Winwood,0,0,0,0,1,1,0,0,0,No,0,,STAGED_NOT_RELEASED,GFB-V6.0-CATALOG-R03,build/gfb-v6.0-catalog-r03-2026-09-22,0bf10064a8597ab1ea29bc0515815956fea50e0b
Stevie Ray Vaughan,7,0,7,0,0,0,0,0,0,Yes,0,,STAGED_NOT_RELEASED,GFB-V6.0-CATALOG-R03,build/gfb-v6.0-catalog-r03-2026-09-22,0bf10064a8597ab1ea29bc0515815956fea50e0b
Stevie Ray Vaughan and Double Trouble,7,0,7,0,15,7,8,0,0,Yes,0,,STAGED_NOT_RELEASED,GFB-V6.0-CATALOG-R03,build/gfb-v6.0-catalog-r03-2026-09-22,0bf10064a8597ab1ea29bc0515815956fea50e0b
Stevie Ray Vaughn,1,0,1,0,0,0,0,0,0,Yes,0,,STAGED_NOT_RELEASED,GFB-V6.0-CATALOG-R03,build/gfb-v6.0-catalog-r03-2026-09-22,0bf10064a8597ab1ea29bc0515815956fea50e0b
Stevie Wonder,5,0,5,0,5,5,0,0,0,Yes,0,,STAGED_NOT_RELEASED,GFB-V6.0-CATALOG-R03,build/gfb-v6.0-catalog-r03-2026-09-22,0bf10064a8597ab1ea29bc0515815956fea50e0b
Stone Temple Pilots,13,0,13,0,27,27,0,0,0,Yes,0,,STAGED_NOT_RELEASED,GFB-V6.0-CATALOG-R03,build/gfb-v6.0-catalog-r03-2026-09-22,0bf10064a8597ab1ea29bc0515815956fea50e0b
Stray Cats,4,0,4,0,0,0,0,0,0,Yes,0,,STAGED_NOT_RELEASED,GFB-V6.0-CATALOG-R03,build/gfb-v6.0-catalog-r03-2026-09-22,0bf10064a8597ab1ea29bc0515815956fea50e0b
Styx,3,0,3,0,4,3,1,0,0,Yes,0,,STAGED_NOT_RELEASED,GFB-V6.0-CATALOG-R03,build/gfb-v6.0-catalog-r03-2026-09-22,0bf10064a8597ab1ea29bc0515815956fea50e0b
Sublime,9,0,9,0,9,9,0,0,0,Yes,0,,STAGED_NOT_RELEASED,GFB-V6.0-CATALOG-R03,build/gfb-v6.0-catalog-r03-2026-09-22,0bf10064a8597ab1ea29bc0515815956fea50e0b
Suzanne Vega,1,0,1,0,1,1,0,0,0,Yes,0,,STAGED_NOT_RELEASED,GFB-V6.0-CATALOG-R03,build/gfb-v6.0-catalog-r03-2026-09-22,0bf10064a8597ab1ea29bc0515815956fea50e0b
The Allman Brothers Band,7,0,7,0,7,7,0,0,0,Yes,0,,STAGED_NOT_RELEASED,GFB-V6.0-CATALOG-R03,build/gfb-v6.0-catalog-r03-2026-09-22,0bf10064a8597ab1ea29bc0515815956fea50e0b
The Animals,9,0,9,0,4,4,0,0,0,Yes,0,,STAGED_NOT_RELEASED,GFB-V6.0-CATALOG-R03,build/gfb-v6.0-catalog-r03-2026-09-22,0bf10064a8597ab1ea29bc0515815956fea50e0b
The B-52's,2,0,2,0,0,0,0,0,0,Yes,0,,STAGED_NOT_RELEASED,GFB-V6.0-CATALOG-R03,build/gfb-v6.0-catalog-r03-2026-09-22,0bf10064a8597ab1ea29bc0515815956fea50e0b
The Band,2,0,2,0,2,2,0,0,0,Yes,0,,STAGED_NOT_RELEASED,GFB-V6.0-CATALOG-R03,build/gfb-v6.0-catalog-r03-2026-09-22,0bf10064a8597ab1ea29bc0515815956fea50e0b
The Bangles,2,0,2,0,2,2,0,0,0,Yes,0,,STAGED_NOT_RELEASED,GFB-V6.0-CATALOG-R03,build/gfb-v6.0-catalog-r03-2026-09-22,0bf10064a8597ab1ea29bc0515815956fea50e0b
The Beach Boys,22,0,22,0,5,5,0,0,0,Yes,0,,STAGED_NOT_RELEASED,GFB-V6.0-CATALOG-R03,build/gfb-v6.0-catalog-r03-2026-09-22,0bf10064a8597ab1ea29bc0515815956fea50e0b
The Beatles,193,0,193,0,39,35,0,4,0,Yes,0,,STAGED_NOT_RELEASED,GFB-V6.0-CATALOG-R03,build/gfb-v6.0-catalog-r03-2026-09-22,0bf10064a8597ab1ea29bc0515815956fea50e0b
The Black Eyed Peas,4,0,4,0,2,2,0,0,0,Yes,0,,STAGED_NOT_RELEASED,GFB-V6.0-CATALOG-R03,build/gfb-v6.0-catalog-r03-2026-09-22,0bf10064a8597ab1ea29bc0515815956fea50e0b
The Blues Brothers,2,0,2,0,5,5,0,0,0,Yes,0,,STAGED_NOT_RELEASED,GFB-V6.0-CATALOG-R03,build/gfb-v6.0-catalog-r03-2026-09-22,0bf10064a8597ab1ea29bc0515815956fea50e0b
The Buzzcocks,1,0,1,0,3,3,0,0,0,Yes,0,,STAGED_NOT_RELEASED,GFB-V6.0-CATALOG-R03,build/gfb-v6.0-catalog-r03-2026-09-22,0bf10064a8597ab1ea29bc0515815956fea50e0b
The Byrds,1,0,1,0,2,2,0,0,0,Yes,0,,STAGED_NOT_RELEASED,GFB-V6.0-CATALOG-R03,build/gfb-v6.0-catalog-r03-2026-09-22,0bf10064a8597ab1ea29bc0515815956fea50e0b
The Carpenters,2,0,2,0,0,0,0,0,0,Yes,0,,STAGED_NOT_RELEASED,GFB-V6.0-CATALOG-R03,build/gfb-v6.0-catalog-r03-2026-09-22,0bf10064a8597ab1ea29bc0515815956fea50e0b
The Cure,9,0,9,0,37,34,1,2,0,Yes,0,,STAGED_NOT_RELEASED,GFB-V6.0-CATALOG-R03,build/gfb-v6.0-catalog-r03-2026-09-22,0bf10064a8597ab1ea29bc0515815956fea50e0b
The Damned,0,0,0,0,1,1,0,0,0,No,0,,STAGED_NOT_RELEASED,GFB-V6.0-CATALOG-R03,build/gfb-v6.0-catalog-r03-2026-09-22,0bf10064a8597ab1ea29bc0515815956fea50e0b
The Drifters,1,0,1,0,0,0,0,0,0,Yes,0,,STAGED_NOT_RELEASED,GFB-V6.0-CATALOG-R03,build/gfb-v6.0-catalog-r03-2026-09-22,0bf10064a8597ab1ea29bc0515815956fea50e0b
The Eagles,22,0,22,0,8,8,0,0,0,Yes,0,,STAGED_NOT_RELEASED,GFB-V6.0-CATALOG-R03,build/gfb-v6.0-catalog-r03-2026-09-22,0bf10064a8597ab1ea29bc0515815956fea50e0b
The Everly Brothers,8,0,8,0,0,0,0,0,0,Yes,0,,STAGED_NOT_RELEASED,GFB-V6.0-CATALOG-R03,build/gfb-v6.0-catalog-r03-2026-09-22,0bf10064a8597ab1ea29bc0515815956fea50e0b
The Go-Go's,2,0,2,0,0,0,0,0,0,Yes,0,,STAGED_NOT_RELEASED,GFB-V6.0-CATALOG-R03,build/gfb-v6.0-catalog-r03-2026-09-22,0bf10064a8597ab1ea29bc0515815956fea50e0b
The Grateful Dead,14,0,14,0,7,7,0,0,0,Yes,0,,STAGED_NOT_RELEASED,GFB-V6.0-CATALOG-R03,build/gfb-v6.0-catalog-r03-2026-09-22,0bf10064a8597ab1ea29bc0515815956fea50e0b
The Guess Who,3,0,3,0,1,1,0,0,0,Yes,0,,STAGED_NOT_RELEASED,GFB-V6.0-CATALOG-R03,build/gfb-v6.0-catalog-r03-2026-09-22,0bf10064a8597ab1ea29bc0515815956fea50e0b
The Hooters,1,0,1,0,0,0,0,0,0,Yes,0,,STAGED_NOT_RELEASED,GFB-V6.0-CATALOG-R03,build/gfb-v6.0-catalog-r03-2026-09-22,0bf10064a8597ab1ea29bc0515815956fea50e0b
The Ink Spots,1,0,1,0,0,0,0,0,0,Yes,0,,STAGED_NOT_RELEASED,GFB-V6.0-CATALOG-R03,build/gfb-v6.0-catalog-r03-2026-09-22,0bf10064a8597ab1ea29bc0515815956fea50e0b
The J Geils Band,0,0,0,0,1,1,0,0,0,No,0,,STAGED_NOT_RELEASED,GFB-V6.0-CATALOG-R03,build/gfb-v6.0-catalog-r03-2026-09-22,0bf10064a8597ab1ea29bc0515815956fea50e0b
The Jackson 5,3,0,3,0,0,0,0,0,0,Yes,0,,STAGED_NOT_RELEASED,GFB-V6.0-CATALOG-R03,build/gfb-v6.0-catalog-r03-2026-09-22,0bf10064a8597ab1ea29bc0515815956fea50e0b
The Jacksons,0,0,0,0,1,0,1,0,0,No,0,,STAGED_NOT_RELEASED,GFB-V6.0-CATALOG-R03,build/gfb-v6.0-catalog-r03-2026-09-22,0bf10064a8597ab1ea29bc0515815956fea50e0b
The Jesus and Mary Chain,2,0,2,0,0,0,0,0,0,Yes,0,,STAGED_NOT_RELEASED,GFB-V6.0-CATALOG-R03,build/gfb-v6.0-catalog-r03-2026-09-22,0bf10064a8597ab1ea29bc0515815956fea50e0b
The Jimi Hendrix Experience,2,0,2,0,0,0,0,0,0,Yes,0,,STAGED_NOT_RELEASED,GFB-V6.0-CATALOG-R03,build/gfb-v6.0-catalog-r03-2026-09-22,0bf10064a8597ab1ea29bc0515815956fea50e0b
The Killers,12,0,12,0,12,11,1,0,0,Yes,0,,STAGED_NOT_RELEASED,GFB-V6.0-CATALOG-R03,build/gfb-v6.0-catalog-r03-2026-09-22,0bf10064a8597ab1ea29bc0515815956fea50e0b
The Kingston Trio,1,0,1,0,0,0,0,0,0,Yes,0,,STAGED_NOT_RELEASED,GFB-V6.0-CATALOG-R03,build/gfb-v6.0-catalog-r03-2026-09-22,0bf10064a8597ab1ea29bc0515815956fea50e0b
The Kinks,9,0,9,0,1,1,0,0,0,Yes,0,,STAGED_NOT_RELEASED,GFB-V6.0-CATALOG-R03,build/gfb-v6.0-catalog-r03-2026-09-22,0bf10064a8597ab1ea29bc0515815956fea50e0b
The Knack,1,0,1,0,0,0,0,0,0,Yes,0,,STAGED_NOT_RELEASED,GFB-V6.0-CATALOG-R03,build/gfb-v6.0-catalog-r03-2026-09-22,0bf10064a8597ab1ea29bc0515815956fea50e0b
The Mamas And The Papas,2,0,2,0,0,0,0,0,0,Yes,0,,STAGED_NOT_RELEASED,GFB-V6.0-CATALOG-R03,build/gfb-v6.0-catalog-r03-2026-09-22,0bf10064a8597ab1ea29bc0515815956fea50e0b
The Meters,0,0,0,0,1,1,0,0,0,No,0,,STAGED_NOT_RELEASED,GFB-V6.0-CATALOG-R03,build/gfb-v6.0-catalog-r03-2026-09-22,0bf10064a8597ab1ea29bc0515815956fea50e0b
The Mighty Mighty Bosstones,1,0,1,0,0,0,0,0,0,Yes,0,,STAGED_NOT_RELEASED,GFB-V6.0-CATALOG-R03,build/gfb-v6.0-catalog-r03-2026-09-22,0bf10064a8597ab1ea29bc0515815956fea50e0b
The Monkees,2,0,2,0,1,1,0,0,0,Yes,0,,STAGED_NOT_RELEASED,GFB-V6.0-CATALOG-R03,build/gfb-v6.0-catalog-r03-2026-09-22,0bf10064a8597ab1ea29bc0515815956fea50e0b
The Muppets,1,0,1,0,0,0,0,0,0,Yes,0,,STAGED_NOT_RELEASED,GFB-V6.0-CATALOG-R03,build/gfb-v6.0-catalog-r03-2026-09-22,0bf10064a8597ab1ea29bc0515815956fea50e0b
The Outfield,1,0,1,0,0,0,0,0,0,Yes,0,,STAGED_NOT_RELEASED,GFB-V6.0-CATALOG-R03,build/gfb-v6.0-catalog-r03-2026-09-22,0bf10064a8597ab1ea29bc0515815956fea50e0b
The Penguins,1,0,1,0,0,0,0,0,0,Yes,0,,STAGED_NOT_RELEASED,GFB-V6.0-CATALOG-R03,build/gfb-v6.0-catalog-r03-2026-09-22,0bf10064a8597ab1ea29bc0515815956fea50e0b
The Police,9,0,9,0,12,11,0,1,0,Yes,0,,STAGED_NOT_RELEASED,GFB-V6.0-CATALOG-R03,build/gfb-v6.0-catalog-r03-2026-09-22,0bf10064a8597ab1ea29bc0515815956fea50e0b
The Raconteurs,13,0,13,0,2,2,0,0,0,Yes,0,,STAGED_NOT_RELEASED,GFB-V6.0-CATALOG-R03,build/gfb-v6.0-catalog-r03-2026-09-22,0bf10064a8597ab1ea29bc0515815956fea50e0b
The Ramones,16,0,16,0,111,111,0,0,0,Yes,0,,STAGED_NOT_RELEASED,GFB-V6.0-CATALOG-R03,build/gfb-v6.0-catalog-r03-2026-09-22,0bf10064a8597ab1ea29bc0515815956fea50e0b
The Red Hot Chili Peppers,51,0,51,0,126,120,6,0,0,Yes,0,,STAGED_NOT_RELEASED,GFB-V6.0-CATALOG-R03,build/gfb-v6.0-catalog-r03-2026-09-22,0bf10064a8597ab1ea29bc0515815956fea50e0b
The Rembrandts,2,0,2,0,0,0,0,0,0,Yes,0,,STAGED_NOT_RELEASED,GFB-V6.0-CATALOG-R03,build/gfb-v6.0-catalog-r03-2026-09-22,0bf10064a8597ab1ea29bc0515815956fea50e0b
The Righteous Brothers,1,0,1,0,0,0,0,0,0,Yes,0,,STAGED_NOT_RELEASED,GFB-V6.0-CATALOG-R03,build/gfb-v6.0-catalog-r03-2026-09-22,0bf10064a8597ab1ea29bc0515815956fea50e0b
The Rolling Stones,44,5,49,0,31,21,0,3,2,Yes,0,19th nervous breakdown | let it bleed | shes a rainbow | sympathy for the devil | time is on my side,STAGED_NOT_RELEASED,GFB-V6.0-CATALOG-R03,build/gfb-v6.0-catalog-r03-2026-09-22,0bf10064a8597ab1ea29bc0515815956fea50e0b
The Ronettes,1,0,1,0,0,0,0,0,0,Yes,0,,STAGED_NOT_RELEASED,GFB-V6.0-CATALOG-R03,build/gfb-v6.0-catalog-r03-2026-09-22,0bf10064a8597ab1ea29bc0515815956fea50e0b
The Searchers,1,0,1,0,1,1,0,0,0,Yes,0,,STAGED_NOT_RELEASED,GFB-V6.0-CATALOG-R03,build/gfb-v6.0-catalog-r03-2026-09-22,0bf10064a8597ab1ea29bc0515815956fea50e0b
The Smashing Pumpkins,26,0,26,0,70,66,1,3,0,Yes,0,,STAGED_NOT_RELEASED,GFB-V6.0-CATALOG-R03,build/gfb-v6.0-catalog-r03-2026-09-22,0bf10064a8597ab1ea29bc0515815956fea50e0b
The Specials,2,0,2,0,0,0,0,0,0,Yes,0,,STAGED_NOT_RELEASED,GFB-V6.0-CATALOG-R03,build/gfb-v6.0-catalog-r03-2026-09-22,0bf10064a8597ab1ea29bc0515815956fea50e0b
The Stooges,2,0,2,0,1,1,0,0,0,Yes,0,,STAGED_NOT_RELEASED,GFB-V6.0-CATALOG-R03,build/gfb-v6.0-catalog-r03-2026-09-22,0bf10064a8597ab1ea29bc0515815956fea50e0b
The Strokes,55,0,55,0,8,8,0,0,0,Yes,0,,STAGED_NOT_RELEASED,GFB-V6.0-CATALOG-R03,build/gfb-v6.0-catalog-r03-2026-09-22,0bf10064a8597ab1ea29bc0515815956fea50e0b
The Supremes,1,0,1,0,1,1,0,0,0,Yes,0,,STAGED_NOT_RELEASED,GFB-V6.0-CATALOG-R03,build/gfb-v6.0-catalog-r03-2026-09-22,0bf10064a8597ab1ea29bc0515815956fea50e0b
The Temptations,2,0,2,0,1,1,0,0,0,Yes,0,,STAGED_NOT_RELEASED,GFB-V6.0-CATALOG-R03,build/gfb-v6.0-catalog-r03-2026-09-22,0bf10064a8597ab1ea29bc0515815956fea50e0b
The Tokens,1,0,1,0,0,0,0,0,0,Yes,0,,STAGED_NOT_RELEASED,GFB-V6.0-CATALOG-R03,build/gfb-v6.0-catalog-r03-2026-09-22,0bf10064a8597ab1ea29bc0515815956fea50e0b
The Trammps,1,0,1,0,0,0,0,0,0,Yes,0,,STAGED_NOT_RELEASED,GFB-V6.0-CATALOG-R03,build/gfb-v6.0-catalog-r03-2026-09-22,0bf10064a8597ab1ea29bc0515815956fea50e0b
The Traveling Wilburys,2,0,2,0,0,0,0,0,0,Yes,0,,STAGED_NOT_RELEASED,GFB-V6.0-CATALOG-R03,build/gfb-v6.0-catalog-r03-2026-09-22,0bf10064a8597ab1ea29bc0515815956fea50e0b
The Troggs,1,0,1,0,0,0,0,0,0,Yes,0,,STAGED_NOT_RELEASED,GFB-V6.0-CATALOG-R03,build/gfb-v6.0-catalog-r03-2026-09-22,0bf10064a8597ab1ea29bc0515815956fea50e0b
The Tubes,1,0,1,0,0,0,0,0,0,Yes,0,,STAGED_NOT_RELEASED,GFB-V6.0-CATALOG-R03,build/gfb-v6.0-catalog-r03-2026-09-22,0bf10064a8597ab1ea29bc0515815956fea50e0b
The Undertones,1,0,1,0,7,7,0,0,0,Yes,0,,STAGED_NOT_RELEASED,GFB-V6.0-CATALOG-R03,build/gfb-v6.0-catalog-r03-2026-09-22,0bf10064a8597ab1ea29bc0515815956fea50e0b
The Ventures,0,0,0,0,14,14,0,0,0,No,0,,STAGED_NOT_RELEASED,GFB-V6.0-CATALOG-R03,build/gfb-v6.0-catalog-r03-2026-09-22,0bf10064a8597ab1ea29bc0515815956fea50e0b
The Verve Pipe,0,0,0,0,1,1,0,0,0,No,0,,STAGED_NOT_RELEASED,GFB-V6.0-CATALOG-R03,build/gfb-v6.0-catalog-r03-2026-09-22,0bf10064a8597ab1ea29bc0515815956fea50e0b
The Wallflowers,1,0,1,0,0,0,0,0,0,Yes,0,,STAGED_NOT_RELEASED,GFB-V6.0-CATALOG-R03,build/gfb-v6.0-catalog-r03-2026-09-22,0bf10064a8597ab1ea29bc0515815956fea50e0b
The Who,16,0,16,0,7,7,0,0,0,Yes,0,,STAGED_NOT_RELEASED,GFB-V6.0-CATALOG-R03,build/gfb-v6.0-catalog-r03-2026-09-22,0bf10064a8597ab1ea29bc0515815956fea50e0b
The Zombies,2,0,2,0,1,1,0,0,0,Yes,0,,STAGED_NOT_RELEASED,GFB-V6.0-CATALOG-R03,build/gfb-v6.0-catalog-r03-2026-09-22,0bf10064a8597ab1ea29bc0515815956fea50e0b
Tom Petty,10,0,10,0,1,1,0,0,0,Yes,0,,STAGED_NOT_RELEASED,GFB-V6.0-CATALOG-R03,build/gfb-v6.0-catalog-r03-2026-09-22,0bf10064a8597ab1ea29bc0515815956fea50e0b
Tom Petty and the Heartbreakers,9,0,9,0,2,1,1,0,0,Yes,0,,STAGED_NOT_RELEASED,GFB-V6.0-CATALOG-R03,build/gfb-v6.0-catalog-r03-2026-09-22,0bf10064a8597ab1ea29bc0515815956fea50e0b
Tragically Hip,4,0,4,0,5,5,0,0,0,Yes,0,,STAGED_NOT_RELEASED,GFB-V6.0-CATALOG-R03,build/gfb-v6.0-catalog-r03-2026-09-22,0bf10064a8597ab1ea29bc0515815956fea50e0b
Van Halen,27,0,27,0,45,42,0,3,0,Yes,0,,STAGED_NOT_RELEASED,GFB-V6.0-CATALOG-R03,build/gfb-v6.0-catalog-r03-2026-09-22,0bf10064a8597ab1ea29bc0515815956fea50e0b
Van Morrison,5,0,5,0,2,2,0,0,0,Yes,0,,STAGED_NOT_RELEASED,GFB-V6.0-CATALOG-R03,build/gfb-v6.0-catalog-r03-2026-09-22,0bf10064a8597ab1ea29bc0515815956fea50e0b
Vance Joy,10,0,10,0,1,0,1,0,0,Yes,0,,STAGED_NOT_RELEASED,GFB-V6.0-CATALOG-R03,build/gfb-v6.0-catalog-r03-2026-09-22,0bf10064a8597ab1ea29bc0515815956fea50e0b
Vanessa Carlton,1,0,1,0,0,0,0,0,0,Yes,0,,STAGED_NOT_RELEASED,GFB-V6.0-CATALOG-R03,build/gfb-v6.0-catalog-r03-2026-09-22,0bf10064a8597ab1ea29bc0515815956fea50e0b
Velvet Underground,4,0,4,0,11,11,0,0,0,Yes,0,,STAGED_NOT_RELEASED,GFB-V6.0-CATALOG-R03,build/gfb-v6.0-catalog-r03-2026-09-22,0bf10064a8597ab1ea29bc0515815956fea50e0b
Vince Gill,0,0,0,0,0,0,0,0,0,No,0,,STAGED_NOT_RELEASED,GFB-V6.0-CATALOG-R03,build/gfb-v6.0-catalog-r03-2026-09-22,0bf10064a8597ab1ea29bc0515815956fea50e0b
Waylon Jennings,4,0,4,0,1,1,0,0,0,Yes,0,,STAGED_NOT_RELEASED,GFB-V6.0-CATALOG-R03,build/gfb-v6.0-catalog-r03-2026-09-22,0bf10064a8597ab1ea29bc0515815956fea50e0b
Weird Al Yankovic,0,0,0,0,0,0,0,0,0,No,0,,STAGED_NOT_RELEASED,GFB-V6.0-CATALOG-R03,build/gfb-v6.0-catalog-r03-2026-09-22,0bf10064a8597ab1ea29bc0515815956fea50e0b
Whitney Houston,2,0,2,0,1,1,0,0,0,Yes,0,,STAGED_NOT_RELEASED,GFB-V6.0-CATALOG-R03,build/gfb-v6.0-catalog-r03-2026-09-22,0bf10064a8597ab1ea29bc0515815956fea50e0b
Wings,0,0,0,0,4,2,0,2,0,No,0,,STAGED_NOT_RELEASED,GFB-V6.0-CATALOG-R03,build/gfb-v6.0-catalog-r03-2026-09-22,0bf10064a8597ab1ea29bc0515815956fea50e0b
Young MC,1,0,1,0,0,0,0,0,0,Yes,0,,STAGED_NOT_RELEASED,GFB-V6.0-CATALOG-R03,build/gfb-v6.0-catalog-r03-2026-09-22,0bf10064a8597ab1ea29bc0515815956fea50e0b
Zac Brown Band,8,0,8,0,0,0,0,0,0,Yes,0,,STAGED_NOT_RELEASED,GFB-V6.0-CATALOG-R03,build/gfb-v6.0-catalog-r03-2026-09-22,0bf10064a8597ab1ea29bc0515815956fea50e0b
ZZ Top,28,0,28,0,9,9,0,0,0,Yes,0,,STAGED_NOT_RELEASED,GFB-V6.0-CATALOG-R03,build/gfb-v6.0-catalog-r03-2026-09-22,0bf10064a8597ab1ea29bc0515815956fea50e0b
TOTAL — selected artists,2237,6,2243,0,2002,1831,124,36,5,266 of 335,0,Bob Dylan — subterranean homesick blues | The Rolling Stones — 19th nervous breakdown | The Rolling Stones — let it bleed | The Rolling Stones — shes a rainbow | The Rolling Stones — sympathy for the devil | The Rolling Stones — time is on my side,STAGED_NOT_RELEASED,GFB-V6.0-CATALOG-R03,build/gfb-v6.0-catalog-r03-2026-09-22,0bf10064a8597ab1ea29bc0515815956fea50e0b
